-- phpMyAdmin SQL Dump
-- version 5.2.0
-- https://www.phpmyadmin.net/
--
-- Host: 127.0.0.1:3306
-- Generation Time: Nov 02, 2025 at 07:28 PM
-- Server version: 5.7.39
-- PHP Version: 7.2.34

SET SQL_MODE = "NO_AUTO_VALUE_ON_ZERO";
START TRANSACTION;
SET time_zone = "+00:00";


/*!40101 SET @OLD_CHARACTER_SET_CLIENT=@@CHARACTER_SET_CLIENT */;
/*!40101 SET @OLD_CHARACTER_SET_RESULTS=@@CHARACTER_SET_RESULTS */;
/*!40101 SET @OLD_COLLATION_CONNECTION=@@COLLATION_CONNECTION */;
/*!40101 SET NAMES utf8mb4 */;

--
-- Database: `musicboard`
--

-- --------------------------------------------------------

--
-- Table structure for table `albums`
--

CREATE TABLE `albums` (
  `id` int(11) NOT NULL,
  `artist` varchar(255) COLLATE utf8mb4_unicode_ci NOT NULL,
  `album_name` varchar(255) COLLATE utf8mb4_unicode_ci NOT NULL,
  `genre` varchar(100) COLLATE utf8mb4_unicode_ci DEFAULT NULL,
  `spotify_link` varchar(255) COLLATE utf8mb4_unicode_ci DEFAULT NULL
) ENGINE=InnoDB DEFAULT CHARSET=utf8mb4 COLLATE=utf8mb4_unicode_ci;

--
-- Dumping data for table `albums`
--

INSERT INTO `albums` (`id`, `artist`, `album_name`, `genre`, `spotify_link`) VALUES
(1, 'Marvin Gaye', 'What’s Going On', 'r&b', 'https://open.spotify.com/album/2v6ANhWhZBUKkg6pJJBs3B'),
(2, 'The Beach Boys', 'Pet Sounds', 'rock', 'https://open.spotify.com/album/2CNEkSE8TADXRT2AzcEt1b'),
(3, 'Joni Mitchell', 'Blue', 'folk', 'https://open.spotify.com/album/1vz94WpXDVYIEGja8cjFNa'),
(4, 'Stevie Wonder', 'Songs in the Key of Life', 'soul', 'https://open.spotify.com/album/6YUCc2RiXcEKS9ibuZxjt0'),
(5, 'The Beatles', 'Abbey Road', 'rock', 'https://open.spotify.com/album/0ETFjACtuP2ADo6LFhL6HN'),
(6, 'Nirvana', 'Nevermind', 'grunge', 'https://open.spotify.com/album/2guirTSEqLizK7j9i1MTTZ'),
(7, 'Fleetwood Mac', 'Rumours', 'pop', 'https://open.spotify.com/album/0BwWUstDMUbgq2NYONRqlu'),
(8, 'Prince and the Revolution', 'Purple Rain', 'rock', 'https://open.spotify.com/album/2umoqwMrmjBBPeaqgYu6J9'),
(9, 'Bob Dylan', 'Blood on the Tracks', 'folk', 'https://open.spotify.com/album/4WD4pslu83FF6oMa1e19mF'),
(10, 'Lauryn Hill', 'The Miseducation of Lauryn Hill', 'r&b', 'https://open.spotify.com/album/1BZoqf8Zje5nGdwZhOjAtD'),
(11, 'The Beatles', 'Revolver', 'rock', 'https://open.spotify.com/album/3PRoXYsngSwjEQWR5PsHWR'),
(12, 'Michael Jackson', 'Thriller', 'pop', 'https://open.spotify.com/album/1C2h7mLntPSeVYciMRTF4a'),
(13, 'Aretha Franklin', 'I Never Loved a Man the Way I Love You', 'soul', 'https://open.spotify.com/album/5WndWfzGwCkHzAbQXVkg2V'),
(14, 'The Rolling Stones', 'Exile on Main Street', 'rock', 'https://open.spotify.com/album/5U4dnRZsfW8NmwBBkELFPh'),
(15, 'Public Enemy', 'It Takes a Nation of Millions to Hold Us Back', 'hip-hop', 'https://open.spotify.com/album/3PxXiYU3PjymOEE22PewGZ'),
(16, 'The Clash', 'London Calling', 'punk', 'https://open.spotify.com/album/6FCzvataOZh68j8OKzOt9a'),
(17, 'Kanye West', 'My Beautiful Dark Twisted Fantasy', 'hip-hop', 'https://open.spotify.com/album/20r762YmB5HeofjMCiPMLv'),
(18, 'Bob Dylan', 'Highway 61 Revisited', 'folk', 'https://open.spotify.com/album/6YabPKtZAjxwyWbuO9p4ZD'),
(19, 'Kendrick Lamar', 'To Pimp a Butterfly', 'hip-hop', 'https://open.spotify.com/album/7ycBtnsMtyVbbwTfJwRjSP'),
(20, 'Radiohead', 'Kid A', 'rock , alternative', 'https://open.spotify.com/album/6GjwtEZcfenmOf6l18N7T7'),
(21, 'Bruce Springsteen', 'Born to Run', 'rock', 'https://open.spotify.com/album/43YIoHKSrEw2GJsWmhZIpu'),
(22, 'The Notorious B.I.G.', 'Ready to Die', 'hip-hop', 'https://open.spotify.com/album/2HTbQ0RHwukKVXAlTmCZP2'),
(23, 'The Velvet Underground', 'The Velvet Underground and Nico', 'rock , experimental', 'https://open.spotify.com/album/4xwx0x7k6c5VuThz5qVqmV'),
(24, 'The Beatles', 'Sgt. Pepper’s Lonely Hearts Club Band', 'rock', 'https://open.spotify.com/album/6QaVfG1pHYl1z15ZxkvVDW'),
(25, 'Carole King', 'Tapestry', 'pop', 'https://open.spotify.com/album/12n11cgnpjXKLeqrnIERoS'),
(26, 'Patti Smith', 'Horses', 'punk rock , alternative', 'https://open.spotify.com/album/7xg7u99lilTCPbaRfnYuy6'),
(27, 'Wu-Tang Clan', 'Enter the Wu-Tang(36 Chambers)', 'hip-hop', 'https://open.spotify.com/album/3tQd5mwBtVyxCoEo4htGAV'),
(28, 'D’Angelo', 'Voodoo', 'r&b', 'https://open.spotify.com/album/2lO9yuuIDgBpSJzxTh3ai8'),
(29, 'The Beatles 1:33', 'White Album', 'rock', 'https://open.spotify.com/album/1klALx0u4AavZNEvC4LrTL'),
(30, 'Jimi Hendrix', 'Are You Experienced', 'rock', 'https://open.spotify.com/album/7rSZXXHHvIhF4yUFdaOCy9'),
(31, 'Miles Davis', 'Kind of Blue', 'jazz', 'https://open.spotify.com/album/4sb0eMpDn3upAFfyi4q2rw'),
(32, 'Beyoncé', 'Lemonade', 'pop', 'https://open.spotify.com/album/7dK54iZuOxXFarGhXwEXfF'),
(33, 'Amy Winehouse', 'Back to Black', 'soul , r&b', 'https://open.spotify.com/album/0E4xv5gPjykrwBgBZzI8XG'),
(34, 'Stevie Wonder', 'Innervisions', 'soul', 'https://open.spotify.com/album/5jgI8Eminx9MmLBontDWq8'),
(35, 'The Beatles', 'Rubber Soul', 'rock', 'https://open.spotify.com/album/50o7kf2wLwVmOTVYJOTplm'),
(36, 'Michael Jackson', 'Off the Wall', 'pop', 'https://open.spotify.com/album/2ZytN2cY4Zjrr9ukb2rqTP'),
(37, 'Dr. Dre', 'The Chronic', 'hip-hop', 'https://open.spotify.com/album/2V5rhszUpCudPcb01zevOt'),
(38, 'Bob Dylan', 'Blonde on Blonde', 'folk', 'https://open.spotify.com/album/4NP1rhnsPdYpnyJP0p0k0L'),
(39, 'Talking Heads', 'Remain in Light', 'rock , alternative', 'https://open.spotify.com/album/3AQgdwMNCiN7awXch5fAaG'),
(40, 'David Bowie', 'The Rise and Fall of Ziggy Stardust and the Spiders From Mars', 'rock', 'https://open.spotify.com/album/48D1hRORqJq52qsnUYZX56'),
(41, 'The Rolling Stones', 'Let It Bleed', 'rock', 'https://open.spotify.com/album/4l4u9e9jSbotSXNjYfOugy'),
(42, 'Radiohead', 'OK Computer', 'rock , alternative', 'https://open.spotify.com/album/6dVIqQ8qmQ5GBnJ9shOYGE'),
(43, 'A Tribe Called Quest', 'The Low End Theory', 'hip-hop', 'https://open.spotify.com/album/1p12OAWwudgMqfMzjMvl2a'),
(44, 'Nas', 'Illmatic', 'hip-hop', 'https://open.spotify.com/album/3kEtdS2pH6hKcMU9Wioob1'),
(45, 'Prince', 'Sign O’ the Times', 'rock', 'https://open.spotify.com/album/1XsXHctYSQNyAd9BANCk2B?si=7T1tOkK9SLmtPeZglbOpAQ'),
(46, 'Paul Simon', 'Graceland', 'folk', 'https://open.spotify.com/album/4WoQ94qzwQj28n3nlSOVLB'),
(47, 'Ramones', 'Ramones', 'punk', 'https://open.spotify.com/album/3ToX9inehiXTv17hpaOyie'),
(48, 'Bob Marley and the Wailers', 'Legend', 'reggae', 'https://open.spotify.com/album/4jKeipwuUTjlx9USNYdhZn?si=FgUTAb6CQpWxAnfEefjXsA'),
(49, 'OutKast', 'Aquemini', 'hip-hop', 'https://open.spotify.com/album/5ceB3rxgXqIRpsOvVzTG28'),
(50, 'Jay-Z', 'The Blueprint', 'hip-hop', 'https://open.spotify.com/album/2CUT0104gySOIvqwtXeFsX'),
(51, 'Chuck Berry', 'The Great Twenty-Eight', 'blues', 'https://open.spotify.com/album/2OF8CKhOljClqtRTZ5aILa?si=ruEHUVDiSxOGvUC_kRraDg'),
(52, 'David Bowie', 'Station to Station', 'rock', 'https://open.spotify.com/album/0MWrKayUshRuT8maG4ZAOU'),
(53, 'Jimi Hendrix', 'Electric Ladyland', 'rock', 'https://open.spotify.com/album/5z090LQztiqh13wYspQvKQ'),
(54, 'James Brown', 'Star Time', 'funk', 'https://open.spotify.com/album/7IHXfSBOq8B5prbtzzDUsx?si=cjnJc3DLT7qyrRNeMTbMow'),
(55, 'Pink Floyd', 'The Dark Side of the Moon', 'rock', 'https://open.spotify.com/album/4LH4d3cOWNNsVw41Gqt2kv'),
(56, 'Liz Phair', 'Exile in Guyville', 'rock, indie', 'https://open.spotify.com/album/7sCpW2cLGcRk1zf9zi0Yqd'),
(57, 'The Band', 'The Band', 'rock, folk', 'https://open.spotify.com/album/4vXFiaDS8zuEl5bOUbW53x?si=x9Gl9nm7QiWOdvbZDaHOKg'),
(58, 'Led Zeppelin', 'Led Zeppelin IV', 'rock, blues', 'https://open.spotify.com/album/5EyIDBAqhnlkAHqvPRwdbX'),
(59, 'Stevie Wonder', 'Talking Book', 'soul', 'https://open.spotify.com/album/3PResMqFgQYBfzTnqTKwQw'),
(60, 'Van Morrison', 'Astral Weeks', 'folk', 'https://open.spotify.com/album/4pG3bKkbmReDt5QTDn3JDz'),
(61, 'Eric B. and Rakim', 'Paid in Full', 'hip-hop', 'https://open.spotify.com/album/3miZDfDnP7SmOXAJXWdFmz'),
(62, 'Guns N’ Roses', 'Appetite for Destruction', 'rock', 'https://open.spotify.com/album/28yHV3Gdg30AiB8h8em1eW'),
(63, 'Steely Dan', 'Aja', 'fusion', 'https://open.spotify.com/album/1hOK2ey9W76x9GnftSRgrw'),
(64, 'OutKast', 'Stankonia', 'hip-hop', 'https://open.spotify.com/album/2tm3Ht61kqqRZtIYsBjxEj'),
(65, 'James Brown', 'Live at the Apollo', 'funk', 'https://open.spotify.com/album/0B6BbyElOe4bwziJrunOTe?si=Bzc3hm4wRoyJS5i4g8ktqw'),
(66, 'John Coltrane', 'A Love Supreme', 'jazz', 'https://open.spotify.com/album/7Eoz7hJvaX1eFkbpQxC5PA'),
(67, 'Jay-Z', 'Reasonable Doubt', 'hip-hop', 'https://open.spotify.com/album/3YPK0bNOuayhmSrs0sIIBR'),
(68, 'Kate Bush', 'Hounds of Love', 'pop', 'https://open.spotify.com/album/1ww8GdNvrF0dgJbrnVZmAr'),
(69, 'Alanis Morissette', 'Jagged Little Pill', 'alternative', 'https://open.spotify.com/album/5Ap3F8CxjjsQKZGASDcHNA'),
(70, 'N.W.A', 'Straight Outta Compton', 'hip-hop', 'https://open.spotify.com/album/0Y7qkJVZ06tS2GUCDptzyW'),
(71, 'Bob Marley and the Wailers', 'Exodus', 'reggae', 'https://open.spotify.com/album/655KljKIXl42fiNDMKivbY'),
(72, 'Neil Young', 'Harvest', 'folk', 'https://open.spotify.com/album/2l3QxNo4QubBNmVKxLeum0?si=LJEpfM5SR0a4gj1voZk-zg'),
(73, 'My Bloody Valentine', 'Loveless', 'alternative', 'https://open.spotify.com/album/3GH4IiI6jQAIvnHVdb5FB6'),
(74, 'Kanye West', 'The College Dropout', 'hip-hop', 'https://open.spotify.com/album/4Uv86qWpGTxf7fU7lG5X6F'),
(75, 'Aretha Franklin', 'Lady Soul', 'soul', 'https://open.spotify.com/album/7lEOKZaOpqP70UYqdLPejG'),
(76, 'Curtis Mayfield', 'Superfly', 'soul', 'https://open.spotify.com/album/5ljIGCRRvS48V4ADzPGav2'),
(77, 'The Who', 'Who’s Next', 'rock', 'https://open.spotify.com/album/5MqyhhHbT13zsloD3uHhlQ'),
(78, 'Elvis Presley', 'The Sun Sessions', 'rock', 'https://open.spotify.com/album/4GKfBd0gJ791c3Gp3umNho?si=BeRzm81ATQSQ5HoC_xuA3Q'),
(79, 'Frank Ocean', 'Blond', 'r&b', 'https://open.spotify.com/album/3mH6qwIy9crq0I9YQbOuDf'),
(80, 'The Sex Pistols', 'Never Mind the Bollocks Here’s the Sex Pistols', 'punk', 'https://open.spotify.com/album/5fxYu3rqjCNTSPKN8mtEl2'),
(81, 'Beyoncé', 'Beyoncé', 'pop', 'https://open.spotify.com/album/2UJwKSBUz6rtW4QLK74kQu?si=yV2yZc2CR_mr1w3Nh5Hjkg'),
(82, 'Sly and the Family Stone', 'There’s a Riot Goin’ On', 'funk', 'https://open.spotify.com/album/29f2cOueckYE8Nc1pkJjrU'),
(83, 'Dusty Springfield', 'Dusty in Memphis', 'pop', 'https://open.spotify.com/album/6SNMenG3NjZyqgI5p4Hcmg'),
(84, 'AC/DC', 'Back in Black', 'rock', 'https://open.spotify.com/album/6mUdeDZCsExyJLMdAfDuwh'),
(85, 'John Lennon', 'Plastic Ono Band', 'rock', 'https://open.spotify.com/album/0DFYbYCcHCEJPcN1hODG6K'),
(86, 'The Doors', 'The Doors', 'rock', 'https://open.spotify.com/album/1jWmEhn3ggaL6isoyLfwBn?si=O06lUenDQKeGnwE-kXG17Q'),
(87, 'Miles Davis', 'Bitches Brew', 'jazz , fusion', 'https://open.spotify.com/album/3Q0zkOZEOC855ErOOJ1AdO'),
(88, 'David Bowie', 'Hunky Dory', 'rock', 'https://open.spotify.com/album/6fQElzBNTiEMGdIeY0hy5l'),
(89, 'Erykah Badu', 'Baduizm', 'r&b', 'https://open.spotify.com/album/3qr4pTBWEU1SVf01j6RAx3'),
(90, 'Neil Young', 'After the Gold Rush', 'folk', 'https://open.spotify.com/album/5EVlXlHbRQI8ybuNt4ArXI?si=U6IMKbgqQISZRGSwFTV5eQ'),
(91, 'Bruce Springsteen', 'Darkness on the Edge of Town', 'rock', 'https://open.spotify.com/album/4KT6G8fj8EEIfsyr75hbgc'),
(92, 'The Jimi Hendrix Experience', 'Axis: Bold as Love', 'rock', 'https://open.spotify.com/album/3uFZf8rykoHo7XMIQVYW6r'),
(93, 'Missy “Misdemeanor” Elliott', 'Supa Dupa Fly', 'hip-hop', 'https://open.spotify.com/album/6UkdyvPElK6JDkyeRClbI2'),
(94, 'The Stooges', 'Fun House', 'rock', 'https://open.spotify.com/album/3FTcomSFg2zWSqWLRgBYpv'),
(95, 'Drake', 'Take Care', 'r&b , hip-hop', 'https://open.spotify.com/album/6X1x82kppWZmDzlXXK3y3q'),
(96, 'R.E.M.', 'Automatic for the People', 'alternative , rock', 'https://open.spotify.com/album/0BiNb8HYR4JvuxUa31Z58Q'),
(97, 'Metallica', 'Master of Puppets', 'metal', 'https://open.spotify.com/album/7CGhx630DIjdJqaBDVKc5j'),
(98, 'Lucinda Williams', 'Car Wheels on a Gravel Road', 'country', 'https://open.spotify.com/album/3iC6dJobZulVXp0F4Bojig'),
(99, 'Taylor Swift', 'Red', 'pop', 'https://open.spotify.com/album/6kZ42qRrzov54LcAk4onW9'),
(100, 'The Band', 'Music From Big Pink', 'rock, folk', 'https://open.spotify.com/album/0ky5kdvfPxSmSpj03hpSAE'),
(101, 'Radiohead', 'In Rainbows', 'rock', 'https://open.spotify.com/album/5vkqYmiPBYLaalcmjujWxK'),
(102, 'Arcade Fire', 'Funeral', 'rock', 'https://open.spotify.com/album/6ZB8qaR9JNuS0Q0bG1nbcH'),
(103, 'The Strokes', 'The New Abnormal', 'rock', 'https://open.spotify.com/album/2xkZV2Hl1Omi8rk2D7t5lN'),
(104, 'Kendrick Lamar', 'good kid, m.A.A.d city', 'hip-hop', 'https://open.spotify.com/album/3DGQ1iZ9XKUQxAUWjfC34w'),
(105, 'Wilco', 'Yankee Hotel Foxtrot', 'rock', 'https://open.spotify.com/album/4jVVAenBaHRF8w0MV6qKw7'),
(106, 'Neutral Milk Hotel', 'In the Aeroplane Over the Sea', 'rock', 'https://open.spotify.com/album/0vVekV45lOaVKs6RZQQNob'),
(107, 'Sufjan Stevens', 'Illinois', 'folk/country', 'https://open.spotify.com/album/1pOl0KEC1iQnA6F0XxV4To'),
(108, 'Kanye West', 'Yeezus', 'hip-hop', 'https://open.spotify.com/album/7D2NdGvBHIavgLhmcwhluK'),
(109, 'Frank Ocean', 'Channel Orange', 'r&b', 'https://open.spotify.com/album/392p3shh2jkxUxY2VHvlH8'),
(110, 'LCD Soundsystem', 'Sound of Silver', 'electronic', 'https://open.spotify.com/album/1R8kkopLT4IAxzMMkjic6X'),
(111, 'Madvillain', 'Madvillainy', 'rap', 'https://open.spotify.com/album/19bQiwEKhXUBJWY6oV3KZk'),
(112, 'Lana Del Rey', 'Norman Fucking Rockwell', 'soft rock', 'https://open.spotify.com/album/5XpEKORZ4y6OrCZSKsi46A'),
(113, 'Sufjan Stevens', 'Carrie & Lowell', 'folk/country', 'https://open.spotify.com/album/64xtjfsPHNHch0CZ7fPTjS'),
(114, 'Animal Collective', 'Merriweather Post Pavilion', 'experimental', 'https://open.spotify.com/album/6BRq5g6CWiFgN3NrjLGAYq'),
(115, 'Lorde', 'Melodrama', 'pop', 'https://open.spotify.com/album/2B87zXm9bOWvAJdkJBTpzF'),
(116, 'Vampire Weekend', 'Modern Vampires of the City', 'rock', 'https://open.spotify.com/album/1GXMNFfoHF4sN7lG8gZq1j'),
(117, 'Interpol', 'Turn On the Bright Lights', 'rock', 'https://open.spotify.com/album/4sW8Eql2e2kdRP1A1R1clG'),
(118, 'Arcade Fire', 'The Suburbs', 'rock', 'https://open.spotify.com/album/0gkUcpkyW2SXN49Yktkf6F'),
(119, 'Fiona Apple', 'Fetch The Bolt Cutters', 'rock', 'https://open.spotify.com/album/0fO1KemWL2uCCQmM22iKlj'),
(120, 'Tame Impala', 'Currents', 'rock', 'https://open.spotify.com/album/79dL7FLiJFOO0EoehUHQBv'),
(121, 'Bjork', 'Homogenic', 'electronic, pop', 'https://open.spotify.com/album/0HMsmYvoT1h2x1C4di5faf'),
(122, 'Bon Iver', 'For Emma, Forever Ago', 'rock', 'https://open.spotify.com/album/7EJ0OT5ZqybXxcYRa6mccM'),
(123, 'David Bowie', 'Blackstar', 'rock', 'https://open.spotify.com/album/0vxg8oJKDu3i0bXQu7vEpi'),
(124, 'Daft Punk', 'Discovery', 'funk', 'https://open.spotify.com/album/2noRn2Aes5aoNVsU6iWThc'),
(125, 'Phoebe Bridgers', 'Punisher', 'folk/country', 'https://open.spotify.com/album/6Pp6qGEywDdofgFC1oFbSH'),
(126, 'Beach House', 'Teen Dream', 'rock', 'https://open.spotify.com/album/51AxfjN2gEt5qeJqPY5w0e'),
(127, 'The Avalanches', 'Since I Left You', 'electronic', 'https://open.spotify.com/album/0YtYaaO0aipyeQl0xhAWTO'),
(128, 'Bon Iver', 'Bon Iver', 'rock', 'https://open.spotify.com/album/2LpfNj3vB5rOXfaawLcOBg?si=EtZwGb9bSYK-Dw413TpBkA'),
(129, 'The National', 'Boxer', 'rock', 'https://open.spotify.com/album/2pwNkShhY1uip80rLMHUgX'),
(130, 'The Flaming Lips', 'The Soft Bulleting', 'rock', 'https://open.spotify.com/album/1mJFgPeuLhU1PzLNBURdJC'),
(131, 'LCD Soundsystem', 'This Is Happening', 'electronic', 'https://open.spotify.com/album/4hnqM0JK4CM1phwfq1Ldyz'),
(132, 'Fleet Foxes', 'Fleet Foxes', 'folk/country', 'https://open.spotify.com/album/5GRnydamKvIeG46dycID6v?si=f31Swz6VSMyX7yW70YiYQg'),
(133, 'Elliot Smith', 'Either/Or', 'rock', 'https://open.spotify.com/album/5bmpvyP7UGqB4VuXmrJUMy'),
(134, 'Bjork', 'Vespertine', 'art pop, electronic', 'https://open.spotify.com/album/1ttnHZ0HVGMSMTJdZZ7kYK'),
(135, 'Beach House', 'Bloom', 'rock', 'https://open.spotify.com/album/02PXepuNHYKvGnXYy03oCp'),
(136, 'Joanna Newsom', 'Ys', 'folk/country', NULL),
(137, 'Burial', 'Untrue', 'electronic', 'https://open.spotify.com/album/1iRPiEYHIX2zpF8lkW54SK'),
(138, 'Kanye West', 'Late Registration', 'hip-hop', 'https://open.spotify.com/album/5ll74bqtkcXlKE7wwkMq4g'),
(139, 'Fiona Apple', 'The Idler Wheel Is Wiser Than the Driver of the Screw and Whipping Cords Will Serve You More Than Ropes Will Ever Do', 'rock', 'https://open.spotify.com/album/6B5favhKTShFTjRLsKIUfa'),
(140, 'Tyler, The Creator', 'IGOR', 'hip-hop', 'https://open.spotify.com/album/5zi7WsKlIiUXv09tbGLKsE'),
(141, 'Belle and Sebastian', 'If You\'re Feeling Sinister', 'chamber pop', 'https://open.spotify.com/album/4usPTyIIgnAZ9eiItfEYSK?si=CY6QH8OPTWy78cxTADbYyw'),
(142, 'The War on Drugs', 'Lost in the Dream', 'rock', 'https://open.spotify.com/album/51VxHZphGLsI7aUPqIkJaz'),
(143, 'Sigur Ros', 'Ágætis byrjun', 'rock', 'https://open.spotify.com/album/1DMMv1Kmoli3Y9fVEZDUVC'),
(144, 'Carly Rae Jepsen', 'E.MO.TION', 'pop', 'https://open.spotify.com/album/2oj3FG6fos7zAQJxLQGzou'),
(145, 'The National', 'High Violet', 'rock', 'https://open.spotify.com/album/3mX8oKajxXEBNNATCKLLPd'),
(146, 'Deerhunter', 'Halcyon Digest', 'rock', 'https://open.spotify.com/album/3a3Yp0PRguSTH3dBOeWRyZ'),
(147, 'Godspeed You! Black Empire', 'Lift Your Skinny Fists like Antennas to Heaven', 'rock', 'https://open.spotify.com/album/2rT82YYlV9UoxBYLIezkRq'),
(148, 'Tame Impala', 'Lonerism', 'rock', 'https://open.spotify.com/album/3C2MFZ2iHotUQOSBzdSvM7'),
(149, 'Modest House', 'The Lonesome Crowded West', 'rock', 'https://open.spotify.com/album/5mvHTVy1iUIkAflIufoOpj'),
(150, 'Kacey Musgraves', 'Golden Hour', 'folk/country', 'https://open.spotify.com/album/7f6xPqyaolTiziKf5R5Z0c'),
(151, 'Modest House', 'The Moon & Antarctica', 'rock', 'https://open.spotify.com/album/5SbcupirEParczvqqyUPXL'),
(152, 'DJ Shadow', 'Entroducing...', 'electronic', 'https://open.spotify.com/album/4tUVkNYSFrrEqqrxBQW9PN'),
(153, 'Daft Punk', 'Random Access Memories', 'electronic', 'https://open.spotify.com/album/4m2880jivSbbyEGAKfITCa'),
(154, 'Bon Iver', '22, A Million', 'rock', 'https://open.spotify.com/album/4bJCKmpKgti10f3ltz6LLl'),
(155, 'Boards of Canada', 'Music Has the Right to Children', 'electronic', 'https://open.spotify.com/album/6LZiNXaDvhzvnXUubVOmNU'),
(156, 'Taylor Swift', 'folklore', 'alternative rock, indie folk', 'https://open.spotify.com/album/1pzvBxYgT6OVwJLtHkrdQK'),
(157, 'Weyes Blood', 'Titanic Rising', 'rock', 'https://open.spotify.com/album/0Cuqhgy8vm96JEkBY3polk'),
(158, 'Massive Attack', 'Mezannine', 'electronic', 'https://open.spotify.com/album/49MNmJhZQewjt06rpwp6QR'),
(159, 'Solange', 'A Seat At Table', 'r&b', 'https://open.spotify.com/album/3Yko2SxDk4hc6fncIBQlcM'),
(160, 'Vampire Weekend', 'Vampire Weekend', 'rock', 'https://open.spotify.com/album/5fedTyx7AnXeyxLL0giq6x?si=YJ_A0imHRjqHkBM6ADOYfQ'),
(161, 'SZA', 'CTRL', 'r&b', 'https://open.spotify.com/album/76290XdXVF9rPzGdNRWdCh'),
(162, 'Weezer', 'Pinkerton', 'alternative rock', 'https://open.spotify.com/album/56LtTJnIBlgf4obkP13Skz'),
(163, 'Fleet Foxes', 'Helplessness Blues', 'folk/country', 'https://open.spotify.com/album/7D0rCfJjFj9x0bdgRKtvzb'),
(164, 'Kanye West', 'The Life of Pablo', 'hip-hop', 'https://open.spotify.com/album/7gsWAHLeT0w7es6FofOXk1'),
(165, 'FKA Twigs', 'Magdalene', 'electronic', 'https://open.spotify.com/album/3DMR3yM5crnt1dG9lLaMTZ'),
(166, 'The xx', 'xx', 'electronic', 'https://open.spotify.com/album/6tzQKMilI02kn1lzLklDI8'),
(167, 'Arctic Monkeys', 'Whatever People Say I Am, That\'s What I\'m Not', 'rock', 'https://open.spotify.com/album/50Zz8CkIhATKUlQMbHO3k1'),
(168, 'Destroyer', 'Kaputt', 'rock', 'https://open.spotify.com/album/4sVWj2lb9F8nRg57VFTaf1'),
(169, 'Radiohead', 'A Moon Shaped Pool', 'rock', 'https://open.spotify.com/album/2ix8vWvvSp2Yo7rKMiWpkg'),
(170, 'J Dilla', 'Donut', 'rap', 'https://open.spotify.com/album/5fMlysqhFE0itGn4KezMBW'),
(171, 'The White Stripes', 'Elephant', 'rock', 'https://open.spotify.com/album/6D9urpsOWWKtYvF6PaorGE'),
(172, 'Joanna Newsom', 'Have One on Me', 'folk/country', NULL),
(173, 'Grimes', 'Art Angels', 'pop, synth pop', 'https://open.spotify.com/album/7J84ixPVFehy6FcLk8rhk3'),
(174, 'D\'Angelo', 'Voodoo', 'r&b', 'https://open.spotify.com/album/2lO9yuuIDgBpSJzxTh3ai8'),
(175, 'SOPHIE', 'OIL OF EVERY PEARL\'s UN-INSIDES', 'electronic', 'https://open.spotify.com/album/6Rv8V4QeLgfEC01czqJsiI'),
(176, 'Broke Social Scene', 'You Forgot It in People', 'rock', 'https://open.spotify.com/album/6nL0U84JsEJ0cRsGCnsDnJ'),
(177, 'Panda Bear', 'Person Pitch', 'electronic', 'https://open.spotify.com/album/64TDaAbxgO0TmKZrIavdLg'),
(178, 'Father John Misty', 'I Love You, Honeybear', 'rock', 'https://open.spotify.com/album/5gSTgi63dbEOXkZ7ZvHJCX'),
(179, 'Portishead', 'Third', 'electronic', 'https://open.spotify.com/album/4BnNSzOWadogStvyYshJIo'),
(180, 'Jamie xx', 'In Colour', 'electronic', 'https://open.spotify.com/album/04Duapg2mNlVykd895xcfZ'),
(181, 'Robyn', 'Body Talk', 'r&b', 'https://open.spotify.com/album/0Rzg7fqyWE39G6wKipxrns'),
(182, 'Death Grips', 'The Money Store', 'experimental', 'https://open.spotify.com/album/1PQDjdBpHPikAodJqjzm6a'),
(183, 'Radiohead', 'Amnesiac', 'rock', 'https://open.spotify.com/album/1HrMmB5useeZ0F5lHrMvl0'),
(184, 'The Microphones', 'The Glos, Pt. 2', 'rock', 'https://open.spotify.com/album/6QYoRO2sXThCORAifrP4Bl'),
(185, 'Queens of the Stone Age', 'Songs for the Deaf', 'rock', 'https://open.spotify.com/album/58HZZpS0wxJKwGjoerg0mk'),
(186, 'Tyler, The Creator', 'Flower Boy', 'rap', 'https://open.spotify.com/album/2nkto6YNI4rUYTLqEwWJ3o'),
(187, 'Fiona Apple', 'When The Pawn...', 'rock', 'https://open.spotify.com/album/3o5EnVZNJXtfPV8tCoagjI'),
(188, 'The Knife', 'Silent Shout', 'electronic', 'https://open.spotify.com/album/1UdCT7t0rfNPu5Bn957U8r'),
(189, 'Yo La Tengo', 'I Can Hear the Heart Beating as One', 'rock', 'https://open.spotify.com/album/3V18DIKvRuwdxc2LE4wuac'),
(190, 'The White Stripes', 'White Blood Cells', 'garage rock', 'https://open.spotify.com/album/6Xvc1TfpVEhDeHhmTQEtp0'),
(191, 'Taylor Swift', '1989', 'pop rock', 'https://open.spotify.com/album/64LU4c1nfjz1t4VnGhagcg'),
(192, 'Charli XCX', 'Pop 2', 'pop', 'https://open.spotify.com/album/2HIwUmdxEl7SeWa1ndH5wC'),
(193, 'Gorillaz', 'Demon Days', 'alternative rock', 'https://open.spotify.com/album/0bUTHlWbkSQysoM3VsWldT'),
(194, 'The Magnetic Fields', '69 Love Songs', 'indie pop', 'https://open.spotify.com/album/2GuROKcqyHdpIDcgxml1C7'),
(195, 'Beck', 'Odelay', 'alternative rock', 'https://open.spotify.com/album/1Pus5h1qGedCn4CtOuPVtp'),
(196, 'Run The Jewels', 'Run The Jewels 2', 'hip hop', 'https://open.spotify.com/album/07h5cYnfQm4mCDmEBiRtei'),
(197, 'PJ Harvey', 'Stories From the City, Stories From the Sea', 'alternative rock', 'https://open.spotify.com/album/0hBWhJEmVyNPG2Jq71CJXz'),
(198, 'Car Seat Headrest', 'Twin Fantasy', 'indie rock', 'https://open.spotify.com/album/6gDtROOIYa6OQxwhDNkDRM'),
(199, 'Lorde', 'Pure Heroine', 'pop', 'https://open.spotify.com/album/0rmhjUgoVa17LZuS8xWQ3v'),
(200, 'The Flaming Lips', 'Yoshimi Battles The Pink Robots', 'psychedelic rock', 'https://open.spotify.com/album/49LA20VMk65fQyEaIzYdvf'),
(201, 'M.I.A.', 'Kala', 'alternative hip hop', 'https://open.spotify.com/album/2xoj2gYed3IYmGWn3owSfu'),
(202, 'D\'Angelo/The Vanguard', 'Black Messiah', 'neo soul', 'https://open.spotify.com/album/5Hfbag0SsHxafx1SySFSX6'),
(203, 'Gorillaz', 'Plastic Beach', 'alternative rock', 'https://open.spotify.com/album/2dIGnmEIy1WZIcZCFSj6i8'),
(204, 'Silver Jews', 'American Waters', 'alt-country', 'https://open.spotify.com/album/2GbNeQEg5fLtuxjr5nlIpc'),
(205, 'A War on Drugs', 'A Deeper Understand', 'indie rock', 'https://open.spotify.com/album/4TkmrrpjlPoCPpGyDN3rkF'),
(206, 'Lana Del Rey', 'Born To Die', 'alternative pop', 'https://open.spotify.com/album/0Dt3FbpMQwjoT5KNAw0IXR'),
(207, 'Grizzly Bear', 'Veckatimest', 'indie rock', 'https://open.spotify.com/album/3XQMgEnLQnOMkFaJA9w6sZ'),
(208, 'PJ Harvey', 'Let England Shake', 'art rock', 'https://open.spotify.com/album/2JfiVMvVhdueC48EmskS7t'),
(209, 'The Postal Service', 'Give Up', 'indie rock', 'https://open.spotify.com/album/5MoaDbFw4nrm2P7Om1on3b'),
(210, 'Danny Brown', 'Atrocity Exhibiton', 'hip hop', 'https://open.spotify.com/album/3A1vnUJDPz0xYMful9pO4I'),
(211, 'Deafheaven', 'Sunbather', 'shoegaze', 'https://open.spotify.com/album/2kKXGWaCEl06EKZ4DxBJIT'),
(212, 'Kanye West', 'Graduation', 'hip hop', 'https://open.spotify.com/album/4SZko61aMnmgvNhfhgTuD3'),
(213, 'Grimes', 'Visions', 'synthpop', 'https://open.spotify.com/album/3HED2IUaNSnbOe88a7ZdwM'),
(214, 'My Bloody Valentine', 'mbv', 'shoegaze', 'https://open.spotify.com/album/3GH4IiI6jQAIvnHVdb5FB6'),
(215, 'Kanye West', '808s and Heartbreak', 'hip hop', 'https://open.spotify.com/album/3WFTGIO6E3Xh4paEOBY9OU'),
(216, 'Animal Collective', 'Strawberry Jam', 'experimental rock', 'https://open.spotify.com/album/4TyyZazCkju7vwioaV1KyE'),
(217, 'M83', 'Hurry Up, We\'re Dreaming', 'dream pop', 'https://open.spotify.com/album/6R0ynY7RF20ofs9GJR5TXR'),
(218, 'Mitski', 'Be The Cowboy', 'indie rock', 'https://open.spotify.com/album/42cH7mrkfljkqkxA2Ip9Xq'),
(219, 'Yeah Yeah Yeahs', 'Fever To Tell', 'indie rock', 'https://open.spotify.com/album/44ePwTuWK88vnalqutqJEG'),
(220, 'The National', 'Trouble Will Find Me', 'indie folk', 'https://open.spotify.com/album/4OI9hKTm1QMRQunqHCfSSL'),
(221, 'Courtney Barnett', 'Sometimes I Sit and Think, Sometimes I Just Sit', 'indie rock', 'https://open.spotify.com/album/3BlbLyTsUdLju9a7G8Dz6o'),
(222, 'Rihanna', 'ANTi', 'R&B', 'https://open.spotify.com/album/4UlGauD7ROb3YbVOFMgW5u'),
(223, 'Arctic Monkeys', 'AM', 'indie rock', 'https://open.spotify.com/album/78bpIziExqiI9qztvNFlQu'),
(224, 'Bloc Party', 'Silent Alarm', 'indie rock', 'https://open.spotify.com/album/0urhQCsjpczjC8zbTMtd8t'),
(225, 'Bright Eyes', 'I\'m Wide Awake, It\'s Morning / Digital Ash in a Digital Urn', 'indie rock', 'https://open.spotify.com/album/6MwSuZphL6GmuSVIYUGUF7'),
(226, 'Car Seat Headrest', 'Teens of Denial', 'indie rock', 'https://open.spotify.com/album/3KpYyDP8q8sUBxatHaYEsP'),
(227, 'Built To Spill', 'Perfect From Now On', 'indie rock', 'https://open.spotify.com/album/6DlZzUnITGI5cWGTjIWSBm'),
(228, 'The Strokes', 'Room on Fire', 'indie rock', 'https://open.spotify.com/album/3HFbH1loOUbqCyPsLuHLLh'),
(229, 'St. Vincent', 'Strange Mercy', 'indie rock', 'https://open.spotify.com/album/5x7cI8aHmaqk03KKl1Auh1'),
(230, 'Wilco', 'Summerteeth', 'alternative rock', 'https://open.spotify.com/album/1JpaFJzzcsiulO6MdIcQdK'),
(231, 'Eminem', 'The Marshall Mathers LP', 'hip-hop', 'https://open.spotify.com/album/6t7956yu5zYf5A829XRiHC'),
(232, 'Phoenix', 'Wolfgang Amadeus Phoenix', 'indie rock', 'https://open.spotify.com/album/7g4qoHjkYvfFkXJEZCjtc1'),
(233, 'Mitski', 'Puberty 2', 'indie rock', 'https://open.spotify.com/album/4Coa8Eb9SzjrkwWEom963Q'),
(234, 'Wolf Parade', 'Apologies to the Queen Mary', 'indie rock', 'https://open.spotify.com/album/6ZeO3WNF2Gti8ZQnXog5SQ'),
(235, 'A Tribe Called Quest', 'We got it from Here... Thank You 4 Your service', 'alternative hip hop', 'https://open.spotify.com/album/3WvQpufOsPzkZvcSuynCf3'),
(236, 'FKA Twigs', 'LP1', 'art pop', 'https://open.spotify.com/album/070rEVRV6FWywkncMWLhs6'),
(237, 'Built To Spill', 'Keep it Like a Secret', 'indie rock', 'https://open.spotify.com/album/2PKZhfPrgMmK5zug2pqdHA'),
(238, 'Lana Del Rey', 'Ultraviolence', 'pop', 'https://open.spotify.com/album/1ORxRsK3MrSLvh7VQTF01F'),
(239, 'Sufjan Stevens', 'The Age of Adz', 'indie folk', 'https://open.spotify.com/album/4kRMCapj9nEyBWnM0kc9OX'),
(240, 'Vampire Weekend', 'Contra', 'indie pop', 'https://open.spotify.com/album/0H8cHlbp6eieUUOLmv4FzJ'),
(241, 'Angel Olsen', 'My Woman', 'alternative country', 'https://open.spotify.com/album/3CHcldbsbrBOOlw8cnLpNm'),
(242, 'Death Cab For Cutie', 'Transatlanticism', 'indie rock', 'https://open.spotify.com/album/5UKAhD2VmFAuThgq4OQyEe'),
(243, 'Beck', 'Sea Change', 'folk rock', 'https://open.spotify.com/album/5ieP11rJQvuYz0Ov3k03cy'),
(244, 'Swans', 'To Be Kind', 'experimental rock', 'https://open.spotify.com/album/4dq7JNcHKrnozzFQg5bpmn'),
(245, 'Arcade Fire', 'Neon Bible', 'indie rock', 'https://open.spotify.com/album/4GT6uZod4p5RiDMOVHOMme'),
(246, 'Titus Andronicus', 'The Monitor', 'punk rock', 'https://open.spotify.com/album/4U9WLOC31iDcQ4gg5yUUEp?si=NUn9vqtNT4Kq6misH5H4Sw'),
(247, 'Big Thief', 'U.F.O.F.', 'indie folk', 'https://open.spotify.com/album/0sLnNGW4PzCYFQ4Pn7aVCP'),
(248, 'The Dismemberment Plan', 'Emergency & I', 'post-hardcore', 'https://open.spotify.com/album/0Y0V072vxDWEvCelPBaWAO'),
(249, 'Yo La Tengo', 'And Then Nothing Turned Itself Inside-Out', 'indie rock', 'https://open.spotify.com/album/5iVEe1GHMtvUHwwqArThFa'),
(250, 'Animal Collective', 'Feels', 'psychedelic pop', 'https://open.spotify.com/album/21LZ1OSKbxSU5I7QBUalW8'),
(251, 'Madonna', 'Ray of Light', 'electronica', 'https://open.spotify.com/album/6cuNyrSmRjBeekioLdLkvI'),
(252, 'Aphex Twin', 'The Richard D. James Album', 'idm', 'https://open.spotify.com/album/2oJo7cB45gMVuRsaWNwDq2'),
(253, 'Elliott Smith', 'XO', 'folk rock', 'https://open.spotify.com/album/1zOxlHQGGV6EH7n4OIFTyh'),
(254, 'Sleater-Kinney', 'The Woods', 'riot grrrl', 'https://open.spotify.com/album/73ctstwnbNifu5U902X2zL'),
(255, 'Jessie Ware', 'What\'s Your Pleasure?', 'synthpop', 'https://open.spotify.com/album/1CTm3ARqDETSm7GfvNYNJp'),
(256, 'Waxahatchee', 'Saint Cloud', 'indie folk', 'https://open.spotify.com/album/4V1EQ7wQZUoiPjMY0WtY3M'),
(257, 'Deftones', 'White Pony', 'alternative metal', 'https://open.spotify.com/album/5LEXck3kfixFaA3CqVE7bC'),
(258, 'Nick Cave & The Bad Seeds', 'Skeleton Tree', 'gothic rock', 'https://open.spotify.com/album/7bCVL7M7T5hz7x0OX9e32S'),
(259, 'Beach House', 'Depression Cherry', 'dream pop', 'https://open.spotify.com/album/194CqC2Zi0kUFEPWedb3qr'),
(260, 'Radiohead', 'Hail to the Thief', 'alternative rock', 'https://open.spotify.com/album/5mzoI3VH0ZWk1pLFR6RoYy'),
(261, 'Spoon', 'Ga Ga Ga Ga Ga', 'indie rock', 'https://open.spotify.com/album/477gzTVWjJWGc7kFTvzwma?si=NChKRUWQQT-QcAxiDyqfpg'),
(262, 'Lady Gaga', 'The Fame Monster', 'electropop', 'https://open.spotify.com/album/6rePArBMb5nLWEaY9aQqL4'),
(263, 'Alligator', 'The National', 'indie rock', 'https://open.spotify.com/album/3Dyqes0WX7jN0kSVwoOhKs'),
(264, 'Outkast', 'Speakerboxx/The Love Below', 'hip hop', 'https://open.spotify.com/album/1UsmQ3bpJTyK6ygoOOjG1r'),
(265, 'Japandroids', 'Celebration Rock', 'garage rock', 'https://open.spotify.com/album/2UdWvqAgpwhALQniIICGMZ'),
(266, 'Slowdive', 'Slowdive', 'shoegaze', 'https://open.spotify.com/album/1qDA0jVhj4ZTjGHmpbmmwa?si=yHRymsXGR4mY5ryc8vwohQ'),
(267, 'HAIM', 'Women in Music Pt. III', 'indie pop', 'https://open.spotify.com/album/396EJBtUzseofX2YCBJVvM'),
(268, 'Push the Sky Away', 'Nick Cave & the Bad Seeds', 'post-punk', 'https://open.spotify.com/album/6CBN58EXbkJ7lIxvmLUxVA?si=0Vu_-lYSRRO1veR7C1Cmfw'),
(269, 'Godspeed You! Black Emperor', 'Lift Your Skinny Fists like Antennas to Heaven', 'post-rock', NULL),
(270, 'Bob Dylan', 'Time Out of Mind', 'folk rock', 'https://open.spotify.com/album/185DHT5SvszXRrezx3lOjt?si=SnlgQgCZQIqSKIVw6baFgw'),
(271, 'Earl Sweatshirt', 'Some Rap Songs', 'experimental hip hop', 'https://open.spotify.com/album/66at85wgO2pu5CccvqUF6i'),
(272, 'Janelle Monаe', 'The ArchAndroid', 'afrofuturism', 'https://open.spotify.com/album/7MvSB0JTdtl1pSwZcgvYQX?si=k5M4TY2PQ_-jXvtKjv1djA'),
(273, 'TV on the Radio', 'Return to Cookie Mountain', 'indie rock', 'https://open.spotify.com/album/5PuN8FWgDKEYMxTVccTRgc?si=wTy3mHyiRJuZcMHwUf2veA'),
(274, 'MF DOOM', 'Mm..Food?', 'abstract hip hop', 'https://open.spotify.com/album/1UcS2nqUhxrZjrBZ3tHk2N?si=iJE5fQT0RkGB8bXzn8ChRQ'),
(275, 'Purple Mountains', 'Purple Mountains', 'indie rock', 'https://open.spotify.com/album/6YM4MpYgz6BhIeqQkxp3u4?si=UQz0PFMTTBSm1ddHsJkKlQ'),
(276, 'Deerhunter', 'Microcastle', 'indie rock', 'https://open.spotify.com/album/43uLXkk88Byu9LWsZ6p4wm?si=bDzofJa7QqSitFl3Z41V1w'),
(277, 'Air', 'Moon Safari', 'downtempo', 'https://open.spotify.com/album/5dmYtZVJ1bG9RyrZBRrkOA?si=cEFMX0VpT6S2UMO3DGXhGg'),
(278, 'Arcade Fire', 'Reflektor', 'indie rock', 'https://open.spotify.com/album/2brwuyGZ2lLqWnBX6U4MQT?si=vo8TAH0dSgau5wVxMZhTtg'),
(279, 'Bonnie \"Prince\" Billy', 'I See a Darkenss', 'alt-country', 'https://open.spotify.com/album/6jWSJeNdNX2pTZDWVnOzC9?si=rv6EkCP5SJuoUkRwp_IR-Q'),
(280, 'Blur', '13', 'experimental electronica', 'https://open.spotify.com/album/5YuZ4DjvtZBywtIbHIqtGJ'),
(281, 'James Blake', 'James Blake', 'neo soul', 'https://open.spotify.com/album/0qY6lBQSi8IMJjHYDPdAqX?si=_z98ANtrRC-wCrlFVziNkA'),
(282, 'Flying Lotus', 'Cosmogramma', NULL, 'https://open.spotify.com/album/26yWpyWgFK6xuxi1UsLUFW'),
(283, 'Dirty Projects', 'Bitte Orca', NULL, 'https://open.spotify.com/album/2Geg4mwE8z9DO5BSSUoMKz'),
(284, 'Erykah Badu', 'Mama\'s Gun', NULL, 'https://open.spotify.com/album/3cADvHRdKniF9ELCn1zbGH'),
(285, 'Grimes', 'Geidi Primes', 'electronic, dream pop', 'https://open.spotify.com/album/7HO6IZ3Ff5J9YoRBI8hm1O'),
(286, 'Grimes', 'Halfaxa', 'electronic, synth pop', 'https://open.spotify.com/album/3V7dE1inQRFzhA7PiMY33D'),
(287, 'Taylor Swift', 'Reputation', 'pop', 'https://open.spotify.com/album/6DEjYFkNZh67HP7R9PSZvv'),
(288, 'Taylor Swift', 'Lover', 'pop', 'https://open.spotify.com/album/1NAmidJlEaVgA3MpcPFYGq'),
(289, 'Taylor Swift', 'Speak Now', 'country pop', 'https://open.spotify.com/album/5AEDGbliTTfjOB8TSm1sxt'),
(290, 'Clairo', 'Sling', 'pop', 'https://open.spotify.com/album/32ium7Cxb1Xwp2MLzH2459'),
(291, 'Clairo', 'Immunity', 'pop', 'https://open.spotify.com/album/4kkVGtCqE2NiAKosri9Rnd'),
(292, 'Aphex Twin', 'Selected Ambient Works 85-92', 'IDM, ambient techno', 'https://open.spotify.com/album/7aNclGRxTysfh6z0d8671k'),
(293, 'Lana Del Rey', 'Paradise', 'alternative pop', 'https://open.spotify.com/album/0Dt3FbpMQwjoT5KNAw0IXR'),
(294, 'Lana Del Rey', 'Honeymoon', 'barboque pop', 'https://open.spotify.com/album/2DpEBrjCur1ythIZ10gJWw'),
(295, 'Lana Del Rey', 'Lust for Life', 'pop', 'https://open.spotify.com/album/7xYiTrbTL57QO0bb4hXIKo'),
(296, 'Lana Del Rey', 'NFR', 'soft rock', 'https://open.spotify.com/album/5XpEKORZ4y6OrCZSKsi46A'),
(297, 'Lana Del Rey', 'Chemtrails over the Country Club', 'folk', 'https://open.spotify.com/album/6QeosPQpJckkW0Obir5RT8'),
(298, 'Poppy', 'Poppy.Computer', 'pop', 'https://open.spotify.com/album/2X8hslZKWgIy753r4fFOxr'),
(299, 'Poppy', 'Am I A Girl?', 'art pop', 'https://open.spotify.com/album/5QCXxPUwoOtxeZQmve6w2u'),
(300, 'Poppy', 'I Disagree (more)', 'heavy metal, pop', 'https://open.spotify.com/album/4AxdCG2Y0ip3IwIHkk5vyi'),
(301, 'Poppy', 'Flux', 'alternative rock, grunge', 'https://open.spotify.com/album/2rnbGp9o1lJ0T77RBU1bCC'),
(302, 'The Garden', 'haha', 'rock', 'https://open.spotify.com/album/2tH1S9Q2RUcLrOizMy9I1K'),
(303, 'The Garden', 'Mirror Might Steal Your Charm', 'rock, electronic', 'https://open.spotify.com/album/5OTx88lV36Cgz4nrLUCbOz'),
(304, 'Pastel Ghost', 'Abyss', 'electronic', 'https://open.spotify.com/album/2FQieUp8BxPN7OR8fE76TE'),
(305, 'Crystal Castels', 'Crystal Castels', 'electronic', 'https://open.spotify.com/album/6rTfUUv8Kefr6Uo3AaecXi'),
(306, 'Crystal Castels', 'Amnesty (I)', 'electronic', 'https://open.spotify.com/album/60f7DBZ5BIKTlaGak6ooUU'),
(307, 'Sexy Sushi', 'Marre marre marre', 'electronic', 'https://open.spotify.com/album/1UWUn2N5ni5VuC14rNHqhK'),
(308, 'Avril Lavigne', 'Let Go', 'pop rock', 'https://open.spotify.com/album/3zXjR3y2dUWklKmmp6lEhy'),
(309, 'Avril Lavigne', 'The Best Damn Thing (Expanded Edition)', 'pop rock', 'https://open.spotify.com/album/6lqE05fiHWJVYYdMVJNj38'),
(310, 'Demi Lovato', 'Don\'t Forget', 'pop rock', 'https://open.spotify.com/album/0X4XyC6gwsBtEO2iJlSJgw?si=fNpeG1fZR0uFGZleIBIISA'),
(311, 'Artic Monkeys', 'AM', 'alternative rock', 'https://open.spotify.com/album/78bpIziExqiI9qztvNFlQu'),
(312, 'Bôa', 'Twilight', 'alternative rock', 'https://open.spotify.com/album/7sGYAV0xv7ZfAMzIpMl8m1'),
(313, 'Slowdive', 'Souvlaki', 'indie rock, shoegaze, (dream pop)', 'https://open.spotify.com/album/53eHm1f3sFiSzWMaKOl98Z'),
(314, 'Have A Nice Life', 'Deathconsciousness', 'shoegaze, post punk', 'https://open.spotify.com/album/6MH3CAXp8AN8ELrbex18dM'),
(315, 'Cocteau Twins', 'Heaven or Las Vegas', 'electronic, dream pop', 'https://open.spotify.com/album/5lEphbceIgaK1XxWeSrC9E'),
(316, 'Type O Negative', 'Bloody Kisses', 'rock, gothic metal', 'https://open.spotify.com/album/22PP61GmfGKAhIQo2ZSRxG'),
(317, 'The Cure', 'Bloodflowers', 'alternative rock', 'https://open.spotify.com/album/5swgMRfWHhnsES6D65MyN1'),
(318, 'The Cure', 'Wild Mood Swings', 'alternative rock', 'https://open.spotify.com/album/69XNTota6w88wrLZt4AX9n'),
(319, 'Destroy Boys', 'Make Room', 'punk rock', 'https://open.spotify.com/album/2JDCMUQW60W32tWFxDFSgF'),
(320, 'Destroy Boys', 'Sorry, Mom', 'punk rock', 'https://open.spotify.com/album/2S2SJWfVZ7KWjz8tfrYSvh'),
(321, 'Troye Sivan', 'Blue Neighboourhood', 'pop', 'https://open.spotify.com/album/5ouTDazE4LF9bVJPx1nlgW'),
(322, 'Pearly Drops', 'Call For Help', 'synthpop', 'https://open.spotify.com/album/2T0LDUVshmydIaKywFCDKX'),
(323, 'Pearly Drops', 'A Little Disaster', 'synthpop', 'https://open.spotify.com/album/2qioFepYwtRRzdP91fGsj5'),
(324, 'Kim Petras', 'Slut Pop', 'pop', 'https://open.spotify.com/album/4rs52z8T5zPbsa5HM75tua'),
(325, 'Doja Cat', 'Scarlet', 'hip hop, R&B', 'https://open.spotify.com/album/1bFYDBXTbJWhFzVas1NcY0'),
(326, 'Britney Spears', 'Circus', 'pop', 'https://open.spotify.com/album/2tve5DGwub1TtbX1khPX5j'),
(327, 'Björk', 'Debut', 'art pop, house', 'https://open.spotify.com/album/3icT9XGrBfhlV8BKK4WEGX'),
(328, 'Björk', 'Post', 'art pop, electronic', 'https://open.spotify.com/album/2Ul7B1LEHxXzYubtkTMENs'),
(329, 'Björk', 'Homogenetic', 'electronic, pop', 'https://open.spotify.com/album/0HMsmYvoT1h2x1C4di5faf'),
(330, 'Björk', 'Selma Songs', 'electronic, pop', 'https://open.spotify.com/album/4l3nzzqehJwW5EJb3KaNxg'),
(331, 'Björk', 'Medúla', 'a cappella, art pop', 'https://open.spotify.com/album/6bjGw9Clp684XTRPBI0h6K'),
(332, 'Björk', 'Volta', 'art pop, electronic', 'https://open.spotify.com/album/363DbrhHnovVcrNKwS9qmj'),
(333, 'Björk', 'Biophilia', 'art pop, electronic', 'https://open.spotify.com/album/062TYNQMITUlaz9CiTfLxn'),
(334, 'Björk', 'Vulnicura', 'art pop, electronic', 'https://open.spotify.com/album/1ttnHZ0HVGMSMTJdZZ7kYK'),
(335, 'Björk', 'Utopia', 'electropop, ambient', 'https://open.spotify.com/album/037hz3oZyrgcJOheyhPMnC'),
(336, 'Björk', 'Fossora', 'art pop, electronic', 'https://open.spotify.com/album/5NchVUjB8yqNhqSeBYaFVy'),
(337, 'Bruno Mars', 'Doo-Wops & Hooligans', 'pop', 'https://open.spotify.com/album/1uyf3l2d4XYwiEqAb7t7fX'),
(338, 'Maroon 5', 'Songs about Jane: 10th Anniversary Edition', 'rock, pop', 'https://open.spotify.com/album/5zClcGCSWj926AMjvBNSLc'),
(339, 'Rihanna', 'Good Girl Gone Bad', 'pop', 'https://open.spotify.com/album/3JSWZWeTHF4HDGt5Eozdy7'),
(340, 'Jung Kook', 'Golden', 'pop', 'https://open.spotify.com/album/5pSk3c3wVwnb2arb6ohCPU'),
(341, 'Nicki Minaj', 'Pink Friday (Complete Edition)', 'pop pap', 'https://open.spotify.com/album/7aADdYLiK1z7GlMFr0UIZw'),
(342, 'Nastyona', 'Another Secret', 'indie rock', 'https://open.spotify.com/album/5cf8zpHi34e1r4USEnS3hO'),
(343, 'Nicki Minaj', 'Pink Friday 2', 'hip hop', 'https://open.spotify.com/album/2bYCNZfxZrTUv1CHXkz2d2'),
(344, 'Enigma', 'MCMXC a.D', 'electronic, ambient', 'https://open.spotify.com/album/2PkstTUo2zJbgatbT2JkTU'),
(345, 'Enigma', 'The Cross Of Changes', 'electronic, ambient', 'https://open.spotify.com/album/1t4hf9yHMQBoTz2CxTBJKj'),
(346, 'Type O Negative', 'Life Is Killing Me', 'metal', 'https://open.spotify.com/album/4AdGr92Z6Ff2WbKP5Ja2QC'),
(347, 'Alex G', 'Race', 'indie pop', 'https://open.spotify.com/album/42bSpkr89bdrwMMNuEZlDJ'),
(348, 'Alex G', 'Rules', 'indie rock', 'https://open.spotify.com/album/5CVwTpfAIK2vN9IxuG5C3f'),
(349, 'Alex G', 'Trick', 'indie rock', 'https://open.spotify.com/album/1i8WVUZhMVNurF8rmlMeSH'),
(350, 'Alex G', 'DSU', 'indie rock', 'https://open.spotify.com/album/5vLZ3lKEpbRyjTIFPrdGwU'),
(351, 'Princess Chelsea', 'The Loneliest Girl', 'indie pop', 'https://open.spotify.com/album/53SUyj6Rl3lr4f20zer8QT'),
(352, 'PinkPantheress', 'Heaven knows', 'altpop, R&B', 'https://open.spotify.com/album/2pOEFqvfxp5uUQ8vQEmVA0'),
(353, 'Troye Sivan', 'Something To Give Each Other', 'dance pop, R&B', 'https://open.spotify.com/album/5UcGyEltve5psjxSRsHx8E'),
(354, 'Hi-Fi', 'Первый контакт', 'electronic, pop', 'https://open.spotify.com/album/3NW1tgBNMDmn106EnfuBJq?si=6OgqCydCRbiOp-93QuDd5Q'),
(355, 'Нюша', 'Выбирать чудо', 'electronic, pop', 'https://open.spotify.com/album/1Vkk9k9T5xnFzfy3j9Dj1y'),
(356, 't.A.T.u.', '200 по встречной', 'pop rock', 'https://open.spotify.com/album/1Sh5wXsKdvWxovnLp57jXw'),
(357, 'Noize MC', 'Последний альбом', 'rap rock', 'https://open.spotify.com/album/3FJjKXeARzaeNQlAUmLGHP'),
(358, 'Валентин Стрыкало', 'Смирись и расслабься', NULL, 'https://open.spotify.com/album/6MtWkVH4nIqwo5fiM4J6xF'),
(359, 'Валентин Стрыкало', 'Часть чего-то большего', NULL, 'https://open.spotify.com/album/0x4WtpS8RL49nXoHlMgQsW'),
(360, 'Yabujin', 'Flash Desire', 'cloud rap', 'https://open.spotify.com/album/30jyM5xfQShCzpsne41aR3'),
(361, 'Penelope Scott', 'Public Void', 'bedroom pop', 'https://open.spotify.com/album/49iT8dV8hZ5o7bqpOI5yfI'),
(362, 'Videoclub', 'Euphories', 'french pop', 'https://open.spotify.com/album/1WfIjwnJ0aHiWCSkeSSeuV'),
(363, 'Crystal Castels', '(III)', 'electronic', 'https://open.spotify.com/album/1NIfkZIYVAO6vnfmFOilHc'),
(364, 'Pastel Ghost', 'Ethereality', 'electronic', 'https://open.spotify.com/album/3sy3jRg8KrsGYNAuHPQnqk'),
(365, 'The Garden', 'Kiss My Super Bowl Ring', NULL, 'https://open.spotify.com/album/5JRDThBQfispLDYGCF4JuX'),
(366, 'The Garden', 'HOURSESHIT ON ROUTE 66', NULL, 'https://open.spotify.com/album/5jt8hs6giD9eZvAW1W4aFD'),
(367, 'The Cure', 'Three Imaginary Boys', 'postpunk', 'https://open.spotify.com/album/7gPql7GFpBMOxeO80vMMsC'),
(368, 'The Cure', 'Seventeen Seconds', 'gothic rock, postpunk', 'https://open.spotify.com/album/1T7A6Dt7KktX7pOw4I4Jzj'),
(369, 'The Cure', 'Faith', 'gothic rock, postpunk', 'https://open.spotify.com/album/0BGTV9xi9NFdUjA3erGs1T'),
(370, 'The Cure', 'Pornography', 'gothic rock, postpunk', 'https://open.spotify.com/album/33TDfmEXufojT6jxgb3BTK'),
(371, 'The Cure', 'The Top', 'postpunk, new wave', 'https://open.spotify.com/album/3x1CmNdXWU0DzpTZXFFRZu'),
(372, 'The Cure', 'The Head On The Door', 'postpunk, new wave', 'https://open.spotify.com/album/6HhpmJekzDCRu2K64ZbWqw'),
(373, 'The Cure', 'Kiss Me, Kiss Me, Kiss Me', 'postpunk, alternative rock', 'https://open.spotify.com/album/37Q22g0n9PzBLX6lNddrIa'),
(374, 'The Cure', 'Disintegration', 'gothic rock, postpunk', 'https://open.spotify.com/album/6vQB3ZBxnQPP3jQcGV2qzg'),
(375, 'The Cure', 'Wish', 'alternative rock', 'https://open.spotify.com/album/3x1CmNdXWU0DzpTZXFFRZu'),
(376, 'The Cure', 'The Cure', 'alternative rock', 'https://open.spotify.com/album/77KXKCEkE8wyREtzctbnUc?si=WBSZXTW8S2Oq0x0j0-V5jg'),
(377, 'The Cure', '4:13 Dream', 'alternative rock', 'https://open.spotify.com/album/0gd0t1iQ3WReB8TNQvALTV'),
(378, 'The Cure', 'Japanese Whispers', 'new wave', 'Japanese Whispers - Compilation by The Cure | Spotify'),
(379, 'Taylor Swift', 'Fearless', 'country rock', 'https://open.spotify.com/album/2gP2LMVcIFgVczSJqn340t?si=A2dgaEIzTqqkmcJpFqXlYQ'),
(380, 'Taylor Swift', 'Taylor Swift', 'country rock', 'https://open.spotify.com/album/5eyZZoQEFQWRHkV2xgAeBw?si=VMSsk_WmQYCxQSdtaK98Ig'),
(381, 'Taylor Swift', 'Evermore', 'rock', 'https://open.spotify.com/album/6AORtDjduMM3bupSWzbTSG'),
(382, 'Taylor Swift', 'Midnights', 'electronic, pop', 'https://open.spotify.com/album/3lS1y25WAhcqJDATJK70Mq'),
(383, 'Grimes', 'Darkbloom', 'electronic, pop', 'https://open.spotify.com/album/1Cog6aZ6NwnJiuINc0LQEU?si=YxBKG5e4QwGltNtJugQnuQ'),
(384, 'Grimes', 'Miss Anthropocene (Deluxe Edition)', 'electronic, pop', 'https://open.spotify.com/album/4zyqNfmTrnvUejh8M1IEh9'),
(385, 'Seotaiji and Boys', 'Seotaiji and Boys', 'hip hop, rock', 'https://open.spotify.com/album/6wZ64exaxdBrA0bK1zciva'),
(386, 'Seotaiji and Boys', 'Seotaiji and Boys II', 'R&B, pop', 'https://open.spotify.com/album/2Jtnnru7rcvRnU4tywT4X7'),
(387, 'Seotaiji and Boys', 'Seotaiji and Boys III', 'rap rock, alternative metal', 'https://open.spotify.com/album/4PeDPVydANLdboKFW69evd'),
(388, 'Seotaiji and Boys', 'Seotaiji and Boys IV', 'rap rock', 'https://open.spotify.com/album/6wZ64exaxdBrA0bK1zciva'),
(389, 'Seotaiji', 'Seotaiji V', NULL, 'https://open.spotify.com/album/0rKaZNQtWKT3AiFBBSKWkG'),
(390, 'Seotaiji', 'Seotaiji VI', NULL, 'https://open.spotify.com/album/0rKaZNQtWKT3AiFBBSKWkG'),
(391, 'Seotaiji', 'Seotaiji 7th Issue', NULL, 'https://open.spotify.com/album/2mcYHNYX9eVsCg5C7untyL'),
(392, 'Seotaiji', 'Seotaiji 8th Atomos', NULL, 'https://open.spotify.com/album/2wxrISqeqR1M26Qu3v7qxX'),
(393, 'Seotaiji', 'Quiet Night', NULL, 'https://open.spotify.com/album/1hWuQ5oKySA07DnrIp6T7K'),
(394, 'Kate Bush', 'The Kick Inside', 'art pop, pop rock', 'https://open.spotify.com/album/0ld04FI3tfuxefSbNwCJSc'),
(395, 'Kate Bush', 'The Dreaming', 'art pop', 'https://open.spotify.com/album/2cRwYvvGigsHqk63ZGfuI2'),
(396, 'Kate Bush', 'The Sensual World', 'art rock, pop rock', 'https://open.spotify.com/album/5EyDvOit9McsAc9ao1QROt'),
(397, 'Kate Bush', 'Lionheart (2018 Remaster)', 'art rock, pop rock', 'https://open.spotify.com/album/02b8Jb4tkLxVtPWh0QfQKB'),
(398, 'The Sugarcubes', 'Life\'s Too Good', 'post punk, allternative rock', 'https://open.spotify.com/album/0UQGKhImc5hgh2SxYAA3Jp'),
(399, 'The Smiths', 'Meat Is Murder', 'indie pop', 'https://open.spotify.com/album/5DM1qCdgGt2zbknnsVn1Ca'),
(400, 'Charli XCX', 'Charli', 'electropop, hyperpop', 'https://open.spotify.com/album/386IqvSuljaZsMjwDGGdLj?si=ShIcqhR6RtGrVVR2HVKegw'),
(401, 'フレネシ', 'キュプラ', 'electronic, rock', 'https://open.spotify.com/album/758SQhbduGjDqXcWrbIDuM'),
(402, 'hades (the nine stages of change at the deceased remains)', 'my dead girlfriend', 'shoegaze, noise pop', 'https://open.spotify.com/album/4hBL8N0YTn1d8P1c0AZdLw'),
(403, 'Hole', 'Celebrity Skin', 'alternative rock', 'https://open.spotify.com/album/2KE8WCHtD8qnAxXeIzNEId'),
(404, 'Pasteboard', 'Glitter', 'shoegaze, noise pop', 'https://open.spotify.com/album/3HvASlOR1hZ7IFnvFECDBS'),
(405, 'Bring Me The Horizon', 'There is a Hell Believe Me I\'ve Seen It. There is a Heaven Let\'s Keep it a Secret', 'metal', 'https://open.spotify.com/album/6JTBo69T5tEByZEEb4KZYl'),
(406, 'blink-182', 'blink-182', 'pop punk', 'https://open.spotify.com/album/4hBTxv4QRPePXCFcEI7Vjp?si=yPigsmyIQoSRd8MU_hJTUw'),
(407, 'Bring Me The Horizon', 'Sempiternal (Expanded Edition)', 'metal', 'https://open.spotify.com/album/6IYPmM3xsOPL2XPSvf1ZAz'),
(408, 'Portishead', 'Portishead', 'trip hop', 'https://open.spotify.com/album/3G36754KQVLyGuskraEAVA?si=ZlsokBo8Q3OAg802sl-Amw'),
(409, 'Childish Gambino', 'Camp', 'pop rap', 'https://open.spotify.com/album/01MRGgNbfWrE291tQjw9ta'),
(410, 'Jun Togawa', '好き好き大好き', 'new wave, synthpop', 'https://open.spotify.com/album/0JEAzf6Ss4CZs4ZhKR79np'),
(411, '溶けない名前', 'タイムマシンが壊れる前に', 'japanese shoegaze', 'https://open.spotify.com/album/41EUxuE33auJebOHa8Ltsa'),
(412, '溶けない名前', '制服甘露倶楽部', 'japanese shoegaze', 'https://open.spotify.com/album/61AbD3MWgCJoyDISQzqQpu'),
(413, 'Machine Girl', 'Wlfgrl', 'electronic', 'https://open.spotify.com/album/1GezMTE4OA4tikMDBQK5u3'),
(414, 'Machine Girl', 'Gemini', 'electronic', 'https://open.spotify.com/album/4vdHY7cdRkKTebKoEM6yaE'),
(415, 'Charli XCX', 'CRASH (Deluxe)', 'dance pop, synth pop', 'https://open.spotify.com/album/3lb7EyEcWhZOK0SpZ2dNpn'),
(416, 'Caroline Polachek', 'Desire, I Want To Turn Into You: Everasking Edition', 'art pop', 'https://open.spotify.com/album/25ktFe8igqIwv9aRbkdnTS'),
(417, 'Charli XCX', 'how i\'m feeling now', 'electropop, hyperpop', 'https://open.spotify.com/album/3a9qH2VEsSiOZvMrjaS0Nu'),
(418, 'Arca', 'KiCk i', 'Avant-pop  Electronic        IDM', 'https://open.spotify.com/album/1Vg5v9M0afj5sIl1ndRXzy'),
(419, 'Arca', 'KICk ii', 'Electronic        IDM', 'https://open.spotify.com/album/1Vg5v9M0afj5sIl1ndRXzy'),
(420, 'Kim Petras', 'Slut Pop Miami', NULL, 'https://open.spotify.com/album/32hFJhRyYyZF2e3JRkE0bK'),
(421, 'Kim Petras', 'Feed The Beast', NULL, 'https://open.spotify.com/album/2izzggtAmxtZaKs35JCurA'),
(422, 'Pixies', 'Head Carrier', NULL, 'https://open.spotify.com/album/5F9YYEKDxenkRpyuovdqZe'),
(423, 'Hole', 'Live Through This', NULL, 'https://open.spotify.com/album/2Rwf2nPYZQ9aIe4QXACTC7'),
(424, 'Jun Togawa', '東京の野蛮', NULL, 'https://open.spotify.com/album/5Xa3D5ZKfBKfu6cTVIG9dD'),
(425, 'Autumn\'s Grey Solace', 'Within The Depths Of A Darkened Forest', NULL, 'https://open.spotify.com/album/5Gk1Trdz04ixib0LV4LIdy'),
(426, 'Daddy Issues', 'Fuck Marry Kill', NULL, 'https://open.spotify.com/album/3lifLjkTNnbqixLNZkjAMW'),
(427, 'Xxtarlit⚸', 'A Thousand Things I Could Tell You', 'breakcore', 'https://open.spotify.com/album/3IreEWEWvL99tFkoCUT2zy'),
(428, 'Xxtarlit⚸', 'Dysphorics', 'breakcore', 'https://open.spotify.com/album/3XxRpXgchj8n4kBc0BlQTM'),
(429, 'Ariana Grande', 'eternal sunshine', NULL, 'https://open.spotify.com/album/5EYKrEDnKhhcNxGedaRQeK'),
(430, 'Lamp', 'For Lovers', NULL, 'https://open.spotify.com/album/0gwS2D9sukMLXNvleEnYr2'),
(431, 'beabadoobee', 'Beatopia', NULL, 'https://open.spotify.com/album/2rhNQbqRNxiNQkDXTffe1V'),
(432, 'Sir Chloe', 'Party Favors', NULL, 'https://open.spotify.com/album/0Vcu9I1RkUF1VYSVeYwLhR'),
(433, 'Yung Lean / Bladee', 'Psykos', NULL, 'https://open.spotify.com/album/6aLnXrlksffrrHRb6ktBF9'),
(434, 'Squarepusher', 'Go Plastic', NULL, 'https://open.spotify.com/album/1E00eXD8WvUkKFRA4OlqC2'),
(435, 'Kanye West', 'VULTURES 1', NULL, 'https://open.spotify.com/album/0v9QGZDE2msGl8zAlXKP93'),
(436, 'Face', 'Ничего хорошего', NULL, 'https://open.spotify.com/album/42KAiTylZiAH9q1MobNeZG'),
(437, 'АлоэВера', 'Стыд', NULL, 'https://open.spotify.com/album/5h5lsfMGnP7xLR2tyOlicv'),
(438, 'АлоэВера', 'Легче', NULL, 'https://open.spotify.com/album/42M7AAzP0x9OzGhJbsd60h'),
(439, 'АлоэВера', 'Как боги', NULL, 'https://open.spotify.com/album/5t9LFZ88Fl6K1DbBG6W3tk'),
(440, 'АлоэВера', 'Алимоно', NULL, 'https://open.spotify.com/album/02VJQ6NihfpMeD7sVJ8n2s'),
(441, 'АлоэВера', 'Сделаем вид', NULL, 'https://open.spotify.com/album/4fysl8Am6JVfWpgtjQSWpc'),
(442, 'Бьянка', 'Русский Народный R\'n\'B', NULL, 'https://open.spotify.com/album/0d7q4GY7jZODz75pI6w52X'),
(443, 'Иван Дорн', 'CO\'N\'DORN', NULL, 'https://open.spotify.com/album/7GTmXjAFCAz2OU3yE2UOwg'),
(444, 'Пика', 'Alfv', NULL, 'https://open.spotify.com/album/58T4jdNafEKvqVMOzYpkER'),
(445, 'Royal Scandal', 'Q&A-Queen and Alice', NULL, 'https://open.spotify.com/album/2IHPzCWiUQOIlLNdY3WRwG'),
(446, 'LONG.LIVE.A$AP', 'A$AP Rocky', NULL, 'https://open.spotify.com/album/6rzMufuu8sLkIizM4q9c7J'),
(447, 'LONG.LIVE.A$AP (Deluxe Version)', 'A$AP Rocky', NULL, 'https://open.spotify.com/album/6rzMufuu8sLkIizM4q9c7J'),
(448, 'INABAKUMORI', 'ANTICYCLONE', NULL, 'https://open.spotify.com/album/0QoalZudcGlnFFoN9Qr8UB'),
(449, 'Drums', 'Portamento', NULL, 'https://open.spotify.com/album/4I7uuSfSkHKJjrr1vpu4mi'),
(450, 'AKIBA', 'LOST DREAMS', NULL, 'https://open.spotify.com/album/1UrPkyd6uOXZoGlMx4J3uy?si=0GuFgKeUSu63NDsR9rqRAA'),
(451, 'datfootdive', 'Do you love me?', NULL, 'https://open.spotify.com/album/6rRnlUl9oYpEhCcCIcryw9?si=tmyXSJGnQqCihY_7Ipz0Ww'),
(452, 'datfootdive', 'I NEED YOU', NULL, 'https://open.spotify.com/album/1TsVuFd4qHYRLaSTvsiTTf?si=vWkLaA9ZTbunntSEUMkGMQ');
INSERT INTO `albums` (`id`, `artist`, `album_name`, `genre`, `spotify_link`) VALUES
(453, 'Memo Boy', 'Songs & Demos 2015-2017', NULL, 'https://open.spotify.com/album/0a0ftVkZr4K1QoOXcZF0V1'),
(454, 'Labyrinth Ear', 'Oak', NULL, 'https://open.spotify.com/album/6qNK3qCiPEzjpVBtYaDfSr?si=qEKih1i_Smi9UHgWBXOIRg'),
(455, 'Happy Doghouse', '행복한 강아지 집', NULL, 'https://open.spotify.com/album/3u6kvl9F65JnR6FP7Kx5CT?si=2KFGzf2QRH68rvFaPPWilw'),
(456, 'dosii', 'echo', NULL, 'https://open.spotify.com/album/1pA41oXgGGW6ff6N1sZnjN?si=62tTG8UFQeaKiOAH9Hqu2g'),
(457, 'dosii', 'dosii', NULL, 'https://open.spotify.com/album/0nrhKqYSxc2gwoMFzTckU6?si=6tqNxQFBSM63xX6pD580PA'),
(458, 'Addison Rae', 'AR', NULL, 'https://open.spotify.com/album/4HFL8GJomswlqQwqJGwKDt?si=aUExO4uORzu5OT7caU1w9w'),
(459, 'Ayesha Erotica', 'Big Juicy', NULL, 'https://open.spotify.com/album/1mj574jL5jCP5QFJmBK0gW'),
(460, 'мс улыбочка', 'гламур&паркур', NULL, 'https://open.spotify.com/album/2rNmP7HzhCTdX3GosP9HaK'),
(461, 'DJ Kuroneko', 'kuroneko', NULL, 'https://open.spotify.com/album/1a9GKdu2sPv7bvGg1efnx4?si=r6lDUoYKRyaoUHUJiprijQ'),
(462, 'Kedr Livanskiy', 'Your Need', NULL, 'https://open.spotify.com/album/2c6FcKInAkAqZI0yNQXa9C?si=nJnqakpbT16pTrKpUqhOkw'),
(463, 'Sharlot', 'НАВЕЧНО МОЛОДОЙ', NULL, 'https://open.spotify.com/album/7KENA3Eq6oBm9vD7XN0lsT'),
(464, 'Miss Cherry Delight', 'Eat the Evidence', NULL, 'https://open.spotify.com/album/4GqmLvhhEeZ2TJ8HibcaB9'),
(465, 'Birth Day', 'Boyhood', NULL, 'https://open.spotify.com/album/1ghe8W4YxdcimjnpguMQTr'),
(466, 'Taylor Swift', 'THE TORTURED POETS DEPARTMENT: THE ANTHOLOGY', NULL, 'https://open.spotify.com/album/5H7ixXZfsNMGbIE5OBSpcb'),
(467, 'Death Grips', 'The Powers That B', NULL, 'https://open.spotify.com/album/5Y04ylQjDWsawOUJXzY4YO'),
(468, 'Phoebe Bridgers', 'Stranger in the Alps (Deluxe Edition)', NULL, 'https://open.spotify.com/album/5rcJ5xCMYYLCgGilFDKRZl'),
(469, 'Sonic Youth', 'Daydream Nation (Remastered Original Album)', NULL, 'https://open.spotify.com/album/3BYlBcND6PeKoW6ZODjZO3'),
(470, 'Ladytron', 'Light & Magic', NULL, 'https://open.spotify.com/album/3Ebj5hs8pdTolvQpzpdcoO'),
(471, 'Ichiko Aoba', 'Kamisori Otome (remastered)', NULL, 'https://open.spotify.com/album/14AECm8vpgPA5ibsRr1JYY'),
(472, 'Kitty', 'D.A.I.S.Y. Rage', NULL, 'https://open.spotify.com/album/145DELKPsw5xbkvhlFVGFd'),
(473, 'The Retuses', 'Waltz Baltika!', NULL, 'https://open.spotify.com/album/6jEx75yeaKrxfLS57iO39L'),
(474, 'RM', 'mono.', NULL, 'https://open.spotify.com/album/1vsTrL1h2bRHP1kUPvlIyb'),
(475, 'Adrianne Lenker', 'songs', NULL, 'https://open.spotify.com/album/2Qt8Z1LB3Fsrf6nhBNsvUJ'),
(476, 'Kinokoteikoku', 'eureka', NULL, 'https://open.spotify.com/album/3PYWQo89juaAr0HooKtfEH'),
(477, 'The Cranberries', 'Everybody Else Is Doing It, So Why Can\'t We?', NULL, 'https://open.spotify.com/album/0AP5O47kJWlaKVnnybKvQI?si=VeEtN4KBShWiShfqp7lmJQ'),
(478, 'She Wants Revenge', 'This Is Forever', NULL, 'https://open.spotify.com/album/14EqOmpdCZNzYxdedyXWoX'),
(479, 'Susanne Sundfør', 'Ten Love Songs', NULL, 'https://open.spotify.com/album/0pOyUME049kbscTdJ0p8Rt'),
(480, 'She Wants Revenge', 'She Wants Revenge', NULL, 'https://open.spotify.com/album/3S41D3x5NUwlVOuUNwoZ16?si=05fcecff781e4cd4'),
(481, 'The Cranberries', 'No Need To Argue (The Complete Sessions 1994-1995)', NULL, 'https://open.spotify.com/album/1Bwo9JkbVwxGyvtQNMRK21'),
(482, 'Johnny Goth', 'Far Away', NULL, 'https://open.spotify.com/album/00Yc9nnL6ODCkfqC7iV9lq'),
(483, 'Rosegarden Funeral Party', 'THE CHOPPING BLOCK', NULL, 'https://open.spotify.com/track/46wUbWmzkErgLoBnfrFZ5f?si=aa8690a73953442c'),
(484, '百景', 'Okurimono', NULL, 'https://open.spotify.com/album/00l5ekATux9lpUvt6t1pfA'),
(485, 'LSD and the Search for God', 'LSD and the Search for God', NULL, 'https://open.spotify.com/album/46q859znSzYPVwz7OaO7GS?si=5aCP3TrpQ2e8IkVAyAiwDA'),
(486, 'Tyler, The Creator', 'CHROMAKOPIA', NULL, 'https://open.spotify.com/album/0U28P0QVB1QRxpqp5IHOlH'),
(487, 'Fontaines D.C.', 'Skinty Fia', NULL, 'https://open.spotify.com/album/2ZMViS2A6M15Z1kN6n6O8S?si=ScyNIXeeSSO_d6GjmKuJKg'),
(488, 'Ivan Dorn', 'RANDORN Deluxe', NULL, 'https://open.spotify.com/album/7opUASJ1ax8b2XyZrQk3aR'),
(489, 'The Cure', 'Songs Of A Lost World', NULL, 'https://open.spotify.com/album/4wjxmqXnSQvBZWL3IbYngX?si=O1Y6nocGTcmJnvL4CpfLdg'),
(490, 'Poppy', 'Negative Spaces', NULL, 'https://open.spotify.com/album/0YIOpXQvcbiDNPusSqi5Ew?si=4cQ1wY8PS_Sn2yGIawdWMw'),
(491, 'ROSÉ', 'rosie', NULL, 'https://open.spotify.com/album/7kFyd5oyJdVX2pIi6P4iHE?si=egPnHUgFRgi2u_asGAu-jQ'),
(492, 'PinkPantheress', 'to hell with it', NULL, 'https://open.spotify.com/album/65YAjLCn7Jp33nJpOxIPMe?si=G24yfwx_R_SNyBocj5pmHQ'),
(493, 'what is your name?', 'the now now and never', NULL, 'https://open.spotify.com/album/1JqSKahgRfnmk4rw82BBTL?si=V3qrV7pTSsOu4lqavVZTjQ'),
(494, 'All Natural Lemon & Lime Flavors', 'Turning Into Small', NULL, 'https://open.spotify.com/album/7DCmh3ml2zMqKEbUcvuBGw?si=l_yCyFk8RHWunBfDxOpOtw'),
(495, 'The Clash', 'Combat Rock (Remastered)', NULL, 'https://open.spotify.com/album/1ZH5g1RDq3GY1OvyD0w0s2?si=iPiWRaSXRKum34FO09hqDQ'),
(496, 'Oklou', 'choke enough', NULL, 'https://open.spotify.com/album/58PwJKq5KH2MjVt2Ih4nEt'),
(497, 'Pavel Volya', 'Респект и...', NULL, 'https://open.spotify.com/album/4psb6toc9O5hlLr1RZTxSa'),
(498, 'Beyoncé', 'RENAISSANCE', NULL, 'https://open.spotify.com/album/6FJxoadUE4JNVwWHghBwnb?si=18UeyKUuSLCzN7Uv-dTFAQ'),
(499, 'Marilyn Manson', 'Antichrist Superstar', NULL, 'https://open.spotify.com/album/7APnZJwayR3lH9aUDPDYQB?si=qoiW5KkFSbe1GcKZO_CEYw'),
(500, '9 mice kai angel', 'Heavy metal 2', NULL, 'https://open.spotify.com/album/2apmGMKFppnLu7eccTQwM2?si=DKJTwqBqRJibKWYDig8d0g'),
(501, 'Madonna', 'Rebel Heart (Deluxe)', NULL, 'https://open.spotify.com/album/5TAX07toYGN4AFshlKpmZb?si=9SCA9cmZTXq5j40SSi6AlA'),
(502, 'Lady Gaga', 'ARTPOP', NULL, 'https://open.spotify.com/album/2eRJUtI7nXrQ5uYQ7tzTo9?si=i97AA_k0QNiYry8p02fXsA'),
(503, 'Птицу ЕМЪ', 'Давай Забудем о Морали', NULL, 'https://open.spotify.com/album/3j70dk8MAFwytOQnCgeTkh?si=gyp12G6AS7W_LL6r_KPiGA'),
(504, 'Frank Ocean', 'Blonde', NULL, 'https://open.spotify.com/album/3mH6qwIy9crq0I9YQbOuDf?si=p_0_BxC-R5ef69wuCNkEhg'),
(505, 'Paramore', 'Brand New Eyes', NULL, 'https://open.spotify.com/album/3CaQTJU2Cpx7GXTgenmb2r?si=rWvH02RBQlCOFkVy8XA7zQ'),
(506, 'Foo Fighters', 'The Colour And The Shape', NULL, 'https://open.spotify.com/album/30ly6F6Xl0TKmyBCU50Khv?si=d4pqQeqoRxas5wcetZhO2Q'),
(507, 'Missy “Misdemeanor” t', 'Supa Dupa Fly', 'hip-hop', 'https://open.spotify.com/album/6UkdyvPElK6JDkyeRClbI2'),
(508, 'Света', 'Где найти любовь?', NULL, 'https://open.spotify.com/album/6GndBYK46mBGHLYXa10R0W?si=NgQUJ9uoTbeOuvGMODnYcw'),
(509, 'Света', 'Другая', NULL, 'https://open.spotify.com/album/33Vq7B74toMPLXO1DKC3l7?si=dBW0l4CWTHGHNfgEXObJzQ'),
(510, '2hollis', 'star', NULL, 'https://open.spotify.com/album/1HjSoAhxhq4RtappX15Xt7?si=ZCBE-G53SkGb57YoNse2Sg'),
(511, '八方來財', '攬佬', NULL, 'https://open.spotify.com/album/5vYWbmWrSSBskg28cRmcjg?si=ANsrDRZcQn2vvktsKW2ssg');

-- --------------------------------------------------------

--
-- Table structure for table `album_covers_cache`
--

CREATE TABLE `album_covers_cache` (
  `id` int(11) NOT NULL,
  `album_id` int(11) DEFAULT NULL,
  `spotify_id` varchar(100) COLLATE utf8mb4_unicode_ci DEFAULT NULL,
  `cover_url` text COLLATE utf8mb4_unicode_ci,
  `updated_at` datetime DEFAULT CURRENT_TIMESTAMP ON UPDATE CURRENT_TIMESTAMP,
  `source` varchar(50) COLLATE utf8mb4_unicode_ci DEFAULT 'spotify'
) ENGINE=InnoDB DEFAULT CHARSET=utf8mb4 COLLATE=utf8mb4_unicode_ci;

--
-- Dumping data for table `album_covers_cache`
--

INSERT INTO `album_covers_cache` (`id`, `album_id`, `spotify_id`, `cover_url`, `updated_at`, `source`) VALUES
(18, 269, NULL, 'uploads/covers/album_269_1762024207.jpg', '2025-11-01 22:10:07', 'manual'),
(19, 511, '5vYWbmWrSSBskg28cRmcjg', 'https://image-cdn-ak.spotifycdn.com/image/ab67616d00001e029870c9519822a973411b6594', '2025-11-01 22:34:39', 'spotify'),
(20, 510, '1HjSoAhxhq4RtappX15Xt7', 'https://image-cdn-ak.spotifycdn.com/image/ab67616d00001e029381559182855f08996018ee', '2025-11-01 22:34:40', 'spotify'),
(21, 505, '3CaQTJU2Cpx7GXTgenmb2r', 'https://image-cdn-ak.spotifycdn.com/image/ab67616d00001e02b9abbedc516dd297039977bd', '2025-11-01 22:34:41', 'spotify'),
(22, 152, '4tUVkNYSFrrEqqrxBQW9PN', 'https://image-cdn-ak.spotifycdn.com/image/ab67616d00001e02c02294cf9b5ec88cd939a8a6', '2025-11-01 22:34:42', 'spotify'),
(23, 509, '33Vq7B74toMPLXO1DKC3l7', 'https://image-cdn-fa.spotifycdn.com/image/ab67616d00001e02d7f275200ccf490207961db6', '2025-11-01 22:34:43', 'spotify'),
(24, 508, '6GndBYK46mBGHLYXa10R0W', 'https://image-cdn-ak.spotifycdn.com/image/ab67616d00001e02a79357ea4371b4ff19914a1a', '2025-11-01 22:34:44', 'spotify'),
(25, 506, '30ly6F6Xl0TKmyBCU50Khv', 'https://image-cdn-fa.spotifycdn.com/image/ab67616d00001e024bc9bcdbdc9ac34e37d8b6bb', '2025-11-01 22:34:44', 'spotify'),
(26, 504, '3mH6qwIy9crq0I9YQbOuDf', 'https://image-cdn-ak.spotifycdn.com/image/ab67616d00001e02c5649add07ed3720be9d5526', '2025-11-01 22:34:45', 'spotify'),
(27, 502, '2eRJUtI7nXrQ5uYQ7tzTo9', 'https://image-cdn-ak.spotifycdn.com/image/ab67616d00001e027da123c944790bfab54b2522', '2025-11-01 22:34:46', 'spotify'),
(28, 501, '5TAX07toYGN4AFshlKpmZb', 'https://image-cdn-fa.spotifycdn.com/image/ab67616d00001e02ce3289d289ff7fc3c245af34', '2025-11-01 22:34:49', 'spotify'),
(29, 499, '7APnZJwayR3lH9aUDPDYQB', 'https://image-cdn-ak.spotifycdn.com/image/ab67616d00001e02c61d3a663bd18fe8cd97c947', '2025-11-01 22:34:50', 'spotify'),
(30, 497, '4psb6toc9O5hlLr1RZTxSa', 'https://image-cdn-fa.spotifycdn.com/image/ab67616d00001e026470d3a843d9422b0445edf0', '2025-11-01 22:34:50', 'spotify');

-- --------------------------------------------------------

--
-- Stand-in structure for view `album_ratings_view`
-- (See below for the actual view)
--
CREATE TABLE `album_ratings_view` (
`album_id` int(11)
,`artist` varchar(255)
,`album_name` varchar(255)
,`genre` varchar(100)
,`spotify_link` varchar(255)
,`user_id` int(11)
,`username` varchar(255)
,`listened_date` date
,`favorite_song` text
,`least_favorite_song` text
,`must_listen` tinyint(1)
,`would_relisten` tinyint(1)
,`rating` int(11)
,`review` text
,`sheet_name` varchar(100)
);

-- --------------------------------------------------------

--
-- Table structure for table `ratings`
--

CREATE TABLE `ratings` (
  `id` int(11) NOT NULL,
  `album_id` int(11) NOT NULL,
  `user_id` int(11) NOT NULL,
  `listened_date` date DEFAULT NULL,
  `favorite_song` text COLLATE utf8mb4_unicode_ci,
  `least_favorite_song` text COLLATE utf8mb4_unicode_ci,
  `must_listen` tinyint(1) DEFAULT NULL,
  `would_relisten` tinyint(1) DEFAULT NULL,
  `rating` int(11) DEFAULT NULL,
  `review` text COLLATE utf8mb4_unicode_ci,
  `sheet_name` varchar(100) COLLATE utf8mb4_unicode_ci DEFAULT NULL
) ENGINE=InnoDB DEFAULT CHARSET=utf8mb4 COLLATE=utf8mb4_unicode_ci;

--
-- Dumping data for table `ratings`
--

INSERT INTO `ratings` (`id`, `album_id`, `user_id`, `listened_date`, `favorite_song`, `least_favorite_song`, `must_listen`, `would_relisten`, `rating`, `review`, `sheet_name`) VALUES
(1, 1, 1, NULL, 'mercy mercy me (the ecology)', 'save the children', 1, 0, 5, 'хз', 'топ 100 альбомов за все время'),
(2, 1, 2, NULL, 'inner city blues', 'save the children', 1, 0, 7, NULL, 'топ 100 альбомов за все время'),
(3, 1, 3, NULL, 'mercy mercy me', 'right on', 0, 0, 6, NULL, 'топ 100 альбомов за все время'),
(4, 1, 4, NULL, 'mercy mercy me(the ecology)', 'right on', 1, 0, 6, NULL, 'топ 100 альбомов за все время'),
(5, 2, 1, NULL, 'here today ^^', 'i\'m waiting for the day', 1, 1, 7, 'легко слушается и мотив у песен похожий, не пожалела ни на секунду!', 'топ 100 альбомов за все время'),
(6, 2, 2, NULL, 'i\'m waiting for the day', 'i just wasn\'t made for these times', 1, 1, 10, NULL, 'топ 100 альбомов за все время'),
(7, 2, 3, NULL, 'here today', 'pet sounds', 1, 0, 8, NULL, 'топ 100 альбомов за все время'),
(8, 2, 4, NULL, 'хз', 'хз', 0, 0, 7, NULL, 'топ 100 альбомов за все время'),
(9, 3, 1, NULL, 'california', 'little green', 1, 1, 8, 'ЕЕ ГОЛОС ТАКОЙ КРАСИВЫЙ мамочка и песни прекрасные, альбом мега комфорт!', 'топ 100 альбомов за все время'),
(10, 3, 2, NULL, 'all i want, a case of you', 'blue', 1, 1, 8, NULL, 'топ 100 альбомов за все время'),
(11, 3, 3, NULL, 'river', 'carey', 1, 1, 9, NULL, 'топ 100 альбомов за все время'),
(12, 3, 4, NULL, 'нет', 'blue', 0, 0, 0, NULL, 'топ 100 альбомов за все время'),
(13, 4, 1, NULL, 'sir duke', 'village ghetto land', 1, 1, 8, 'стиви уандер лучший и мега талантливый человек. его альбом заслуженно находится так высоко и приносит невероятные эмоции во время прослушивания.', 'топ 100 альбомов за все время'),
(14, 4, 2, NULL, 'sir duke', 'village ghetto land', 0, 0, 5, NULL, 'топ 100 альбомов за все время'),
(15, 4, 3, NULL, 'isnt she lovely', 'ordinary pain', 0, 0, 5, NULL, 'топ 100 альбомов за все время'),
(16, 4, 4, NULL, 'isnt she lovely', 'i wish', 0, 0, 5, NULL, 'топ 100 альбомов за все время'),
(17, 5, 1, NULL, 'something / you never give me your money / her majesty', 'because', 1, 1, 9, 'her majesty нереально круто завершает альбом. люблю битлз, сложно что-то плохое о них сказать. как обычно все круто!', 'топ 100 альбомов за все время'),
(18, 5, 2, NULL, 'her majesty / carry that weight / the end', 'i want you (she\'s so heavy)', 1, 1, 8, NULL, 'топ 100 альбомов за все время'),
(19, 5, 3, NULL, 'carry that weight/ oh! darling/ here comes the sun/ her majesty', '-', 1, 1, 2, NULL, 'топ 100 альбомов за все время'),
(20, 5, 4, NULL, 'she came in through the bathroom window', 'sun king', 1, 0, 7, NULL, 'топ 100 альбомов за все время'),
(21, 6, 1, NULL, 'lithium', 'endless, nameless', 1, 0, 6, 'не мой жанр, но есть парочка песен хороших, + 0.5 за бэтмена', 'топ 100 альбомов за все время'),
(22, 6, 2, NULL, 'drain you / stay away', 'endless, nameless', 1, 1, 8, NULL, 'топ 100 альбомов за все время'),
(23, 6, 3, NULL, 'stay away / tp / on a plain', 'endless', 1, 0, 6, NULL, 'топ 100 альбомов за все время'),
(24, 6, 4, NULL, 'territorial pissings', 'polly', 1, 1, 10, NULL, 'топ 100 альбомов за все время'),
(25, 7, 1, NULL, 'the chain', 'gold dust woman', 0, 0, 7, 'мне очень нравится чувство и настроение, которое альбом передает слушателю!', 'топ 100 альбомов за все время'),
(26, 7, 2, NULL, 'i don\'t want to know', 'songbird', 0, 0, 7, NULL, 'топ 100 альбомов за все время'),
(27, 7, 3, NULL, 'dreams', 'second hand news', 0, 0, 3, NULL, 'топ 100 альбомов за все время'),
(28, 7, 4, NULL, 'dreams', 'never going back again', 0, 0, 3, NULL, 'топ 100 альбомов за все время'),
(29, 8, 1, NULL, 'i would die 4 you', 'computer blue', 0, 0, 6, 'вайб охотников за приведениями а так больше скучных треков', 'топ 100 альбомов за все время'),
(30, 8, 2, NULL, 'i would die 4 you / purple rain', 'darling nikki', 0, 0, 5, NULL, 'топ 100 альбомов за все время'),
(31, 8, 3, NULL, 'i would die 4 you', 'when doves cry', 0, 0, 6, NULL, 'топ 100 альбомов за все время'),
(32, 8, 4, NULL, 'let\'s go crazy', 'purple rain', 1, 0, 7, NULL, 'топ 100 альбомов за все время'),
(33, 9, 1, NULL, 'simple twist of fate', 'you are a big girl now', 0, 0, 4, 'я ожидала больше от него, просто скучно)', 'топ 100 альбомов за все время'),
(34, 9, 2, NULL, 'shelter from the storm / idiot wind', 'if you see her, say hello', 0, 0, 4, NULL, 'топ 100 альбомов за все время'),
(35, 9, 3, NULL, 'нет', 'нет', 0, 0, 1, NULL, 'топ 100 альбомов за все время'),
(36, 9, 4, NULL, 'нет', 'simple twist of fate', 0, 0, 1, NULL, 'топ 100 альбомов за все время'),
(37, 10, 1, NULL, 'can\'t take my eyes off of you - (i love you baby)', 'i used to love him', 0, 0, 4, 'не понравилось. . .', 'top 200'),
(38, 10, 2, NULL, 'doo wop / intro', 'все остальные ( final hour )', 0, 0, 3, NULL, 'top 200'),
(39, 10, 3, NULL, 'ex-factor', 'when it hurts so bad', 0, 0, 3, NULL, 'топ 100 альбомов за все время'),
(40, 10, 4, NULL, 'i used to love him', 'when it hurts so bad', 0, 0, 4, NULL, 'top 200'),
(41, 11, 1, NULL, 'here, there and everywhere', 'love you to', 1, 1, 9, 'это альбом пока запомнился и понравился мне больше всех! я с удовольствием вернусь к прослушиванию и не один раз. приятных и красивых песен, которые мне понравились, тут больше, чем в тех, что стоят выше. вообщем, это замечательный альбом и я ни капельки не пожалела!', 'топ 100 альбомов за все время'),
(42, 11, 2, NULL, 'yellow submarine / doctor robert', 'love you to', 1, 0, 6, NULL, 'топ 100 альбомов за все время'),
(43, 11, 3, NULL, 'eleanor rugby / yellow submarine / here there and everywhere', '-', 1, 1, 8, NULL, 'топ 100 альбомов за все время'),
(44, 11, 4, NULL, 'for no one', 'i want to tell you', 0, 0, 6, NULL, 'топ 100 альбомов за все время'),
(45, 12, 1, NULL, 'pretty young thing', 'the lady in my life', 1, 1, 8, 'очень хороший альбом помню как в 2009 завтракала с родителями и узнала о его смерти по новостям. легенда спасибо за интересные теории заговора', 'топ 100 альбомов за все время'),
(46, 12, 2, NULL, 'beat it', 'the lady in my life', 1, 0, 7, NULL, 'топ 100 альбомов за все время'),
(47, 12, 3, NULL, 'pretty young thing / beat it', 'the lady in my life', 1, 1, 8, NULL, 'топ 100 альбомов за все время'),
(48, 12, 4, NULL, 'beat it', 'wanna be startin\' somethin\'', 1, 1, 9, NULL, 'топ 100 альбомов за все время'),
(49, 13, 1, NULL, 'baby baby baby', 'don\'t let me lose this dream', 0, 0, 3, 'норм для убийства визера', 'топ 100 альбомов за все время'),
(50, 13, 2, NULL, 'respect', 'drown in my tears', 0, 0, 6, NULL, 'топ 100 альбомов за все время'),
(51, 13, 3, NULL, 'do right woman do right man', 'dr feelgood', 0, 0, 2, NULL, 'топ 100 альбомов за все время'),
(52, 13, 4, NULL, 'хз все песня как одна', 'хз все песня как одна', 0, 0, 4, NULL, 'топ 100 альбомов за все время'),
(53, 14, 1, NULL, '-', '-', 0, 0, 1, 'все песни как одна наконец закончилось', 'топ 100 альбомов за все время'),
(54, 14, 2, NULL, 'начиная от sweet virginia', NULL, 1, 1, 9, NULL, 'топ 100 альбомов за все время'),
(55, 14, 3, NULL, 'нет', 'нет', 0, 0, 0, NULL, 'топ 100 альбомов за все время'),
(56, 14, 4, NULL, 'хз все песня как одна', 'хз все песня как одна', 0, 0, 1, NULL, 'топ 100 альбомов за все время'),
(57, 15, 1, NULL, 'caught, can we get a witness?', 'хз все не очень примечательные', 0, 0, 5, 'тяжелый вздох', 'топ 100 альбомов за все время'),
(58, 15, 2, NULL, 'louder than a bomb / caught, can we get a witness', 'she watch channel zero?', 0, 0, 6, NULL, 'топ 100 альбомов за все время'),
(59, 15, 4, NULL, 'don\'t believe the hype she watch channel zero?!', 'countdown to Armageddon', 0, 0, 5, NULL, 'топ 100 альбомов за все время'),
(60, 16, 1, NULL, 'lost in the supermarket/ clampdown', 'хз мне все понравились!', 1, 1, 7, 'очень приятно было слушать!', 'топ 100 альбомов за все время'),
(61, 16, 2, NULL, 'train in vain / four horse men / lost in the supermarket', 'the right profile', 0, 0, 5, NULL, 'топ 100 альбомов за все время'),
(62, 16, 4, NULL, '-', '-', 0, 0, 6, NULL, 'топ 100 альбомов за все время'),
(63, 17, 1, NULL, 'devil in a new dress/ runaway', 'hell of a life', 1, 1, 8, 'отличный альбом', 'top 200'),
(64, 17, 2, NULL, 'gorgeous', 'so appaled', 0, 0, 3, NULL, 'top 200'),
(65, 17, 3, NULL, 'runaway / devil in a new dress / hell of a life', 'gorgeous', 1, 1, 9, NULL, 'топ 100 альбомов за все время'),
(66, 17, 4, NULL, 'monster (только из-за ники минаж)', 'dark fantasy', 0, 0, 2, NULL, 'top 200'),
(67, 18, 1, NULL, '-', '-', 0, 0, 2, 'хз разочарована все очень скучно', 'топ 100 альбомов за все время'),
(68, 18, 2, NULL, 'like a rolling stone', 'just like tom thumb\'s blues', 0, 0, NULL, NULL, 'топ 100 альбомов за все время'),
(69, 18, 4, NULL, '-', 'just like tom thumb\'s blues', 0, 0, 1, NULL, 'топ 100 альбомов за все время'),
(70, 19, 1, NULL, 'these walls', 'u', 0, 0, 6, 'норм', 'top 200'),
(71, 19, 2, NULL, 'these walls', 'все', 0, 0, 3, NULL, 'top 200'),
(72, 19, 3, NULL, 'wesleys theory / these walls / ALRIGHT', '-', 0, 1, 8, NULL, 'топ 100 альбомов за все время'),
(73, 19, 4, NULL, 'alright', 'почти все', 0, 0, 2, NULL, 'top 200'),
(74, 20, 1, NULL, 'everything in its right place', 'the national anthem', 0, 1, 6, 'in rainbows лучше', 'top 200'),
(75, 20, 2, NULL, 'treefingers', 'the national anthem', 1, 1, 8, NULL, 'top 200'),
(76, 20, 3, NULL, 'how to dissapear completely', '-', 1, 1, 10, NULL, 'топ 100 альбомов за все время'),
(77, 20, 4, NULL, 'morning bell', 'the national anthem', 0, 0, 3, NULL, 'top 200'),
(78, 21, 1, NULL, 'born to run', 'все остальные хз', 0, 0, 1, 'минус', 'топ 100 альбомов за все время'),
(79, 21, 2, NULL, 'jungleland / born to run / meeting across the river', 'night', 0, 0, 6, NULL, 'топ 100 альбомов за все время'),
(80, 21, 4, NULL, 'jungleland', 'thunder road', 0, 0, 2, NULL, 'топ 100 альбомов за все время'),
(81, 22, 1, NULL, 'big poppa', 'just playing', 0, 0, 5, 'ничего нового', 'топ 100 альбомов за все время'),
(82, 22, 2, NULL, 'juicy', 'things done changed', 0, 0, 3, NULL, 'топ 100 альбомов за все время'),
(83, 22, 4, NULL, 'FUCK ME', '-', 0, 1, 8, NULL, 'топ 100 альбомов за все время'),
(84, 23, 1, NULL, 'femme fatale', 'european son', 0, 0, 6, 'есть парочка песен, которые мне понравились. хороший альбом, мне понравился', 'топ 100 альбомов за все время'),
(85, 23, 2, NULL, 'all tomorrow\'s parties', 'european son', 1, 1, 8, NULL, 'топ 100 альбомов за все время'),
(86, 23, 4, NULL, '-', 'im waiting for the man', 0, 0, 2, NULL, 'топ 100 альбомов за все время'),
(87, 24, 1, NULL, 'with a little help from my friends/ when i\'m 64/ a day in the life', 'within you without you', 0, 1, 8, 'хороший альбом, очень приятный', 'топ 100 альбомов за все время'),
(88, 24, 2, NULL, 'with a little help from my friends / lucy in the sky with diamonds', 'within you without you', 0, 1, 8, NULL, 'топ 100 альбомов за все время'),
(89, 24, 4, NULL, 'lucy in the sky with diamonds', 'within you without you', 0, 0, 4, NULL, 'топ 100 альбомов за все время'),
(90, 25, 1, NULL, 'where you lead', 'will you love me tomorrow?', 0, 0, 6, 'няшка рори гилмор кинни', 'топ 100 альбомов за все время'),
(91, 25, 2, NULL, 'you make me feel like / i feel the earth move / where you lead', 'tapestry', 1, 1, 7, NULL, 'топ 100 альбомов за все время'),
(92, 25, 4, NULL, 'i feel the earth move', 'way over younder', 0, 0, 6, NULL, 'топ 100 альбомов за все время'),
(93, 26, 1, NULL, 'kimberly', 'land:horses', 0, 0, 5, 'очень красивый голос!', 'топ 100 альбомов за все время'),
(94, 26, 2, NULL, 'land:horses / gloria', 'birdland', 1, 1, 8, NULL, 'топ 100 альбомов за все время'),
(95, 26, 4, NULL, 'birdland', 'rendondo beach', 0, 0, 6, NULL, 'топ 100 альбомов за все время'),
(96, 27, 1, NULL, '-', '-', 0, 0, 0, 'я устала от хип-хопа. на середине альбома хотелось прекратить', 'топ 100 альбомов за все время'),
(97, 27, 2, NULL, 'protect ya mask', 'method man', 0, 0, 3, NULL, 'топ 100 альбомов за все время'),
(98, 27, 4, NULL, 'все песня как одна', 'все песня как одна', 0, 0, 5, NULL, 'топ 100 альбомов за все время'),
(99, 28, 1, NULL, 'spanish joint', 'остальные', 0, 0, 5, 'еще раз я услышу рнб и хип хоп я взорву свой череп', 'топ 100 альбомов за все время'),
(100, 28, 2, NULL, 'send it on', 'аfrica(все)', 0, 0, 1, NULL, 'топ 100 альбомов за все время'),
(101, 28, 4, NULL, '-', '-', 0, 0, 3, NULL, 'топ 100 альбомов за все время'),
(102, 29, 1, NULL, 'blackbird', 'revolution 9', 0, 0, 6, 'тут были их альбомы получше', 'топ 100 альбомов за все время'),
(103, 29, 2, NULL, 'dear prudence/ i will / revolution 1', 'wild honey pie', 0, 1, 7, NULL, 'топ 100 альбомов за все время'),
(104, 29, 3, NULL, 'я думал бля ты один альбом радиохед слушаешь уже неделю', NULL, NULL, NULL, NULL, NULL, 'топ 100 альбомов за все время'),
(105, 29, 4, NULL, 'Martha My Dear', 'Julia', 0, 0, 5, NULL, 'топ 100 альбомов за все время'),
(106, 30, 1, NULL, '-', '-', 0, 0, 0, 'не доросла', 'топ 100 альбомов за все время'),
(107, 30, 2, NULL, 'red house', 'purple haze', 1, 1, 7, NULL, 'топ 100 альбомов за все время'),
(108, 30, 4, NULL, 'все песня как одна', 'все песня как одна', 0, 0, 5, NULL, 'топ 100 альбомов за все время'),
(109, 31, 1, NULL, '-', '-', 0, 0, 7, 'приятно слушать, но опять же не мое(', 'топ 100 альбомов за все время'),
(110, 31, 2, NULL, 'blue in green', 'flamenko sketches', 1, 1, 8, NULL, 'топ 100 альбомов за все время'),
(111, 31, 4, NULL, '-', '-', 0, 0, 3, NULL, 'топ 100 альбомов за все время'),
(112, 32, 1, NULL, 'sorry - original demo/ formation', 'pray you catch me', 0, 1, 6, 'топ 2 последние песни класс мега круто ъороший альбом няяя', 'top 200'),
(113, 32, 2, NULL, 'daddy lessons / all night', 'sorry', 0, 0, 5, NULL, 'топ 100 альбомов за все время'),
(114, 32, 3, NULL, 'love drought', 'freedom', 0, 1, 6, NULL, 'топ 100 альбомов за все время'),
(115, 32, 4, NULL, 'love drought/ FORMATION !!1', 'sorry', 0, 0, 3, NULL, 'top 200'),
(116, 33, 1, NULL, 'back to black', 'just friends', 1, 0, 6, 'давно хотела послушать, но под конец уже устаешь от похожего звучания', 'top 200'),
(117, 33, 2, NULL, 'tears dry on their own / wake up alone', 'rehab / just friends', 0, 0, 5, NULL, 'top 200'),
(118, 33, 3, NULL, 'back to black', 'some unholy water', 0, 0, 6, NULL, 'топ 100 альбомов за все время'),
(119, 33, 4, NULL, 'some unholy war', '-', 0, 0, 6, NULL, 'top 200'),
(120, 34, 1, NULL, 'living for the city', 'visions', 0, 0, 4, 'однотипно', 'топ 100 альбомов за все время'),
(121, 34, 2, NULL, 'living for the city', 'he\'s misstra know-it-all', 0, 0, 7, NULL, 'топ 100 альбомов за все время'),
(122, 34, 4, NULL, '-', '-', 0, 0, 5, NULL, 'топ 100 альбомов за все время'),
(123, 35, 1, NULL, 'michelle/ in my life', 'run for your life', 0, 1, 7, 'люблю мишель очень приятный спокойный чилл кайф', 'топ 100 альбомов за все время'),
(124, 35, 2, NULL, 'in my life / what goes on', 'girl', 1, 0, 7, NULL, 'топ 100 альбомов за все время'),
(125, 35, 4, NULL, 'michelle', 'what goes on', 0, 0, 7, NULL, 'топ 100 альбомов за все время'),
(126, 36, 1, NULL, 'rock with you', 'get on the floor', 0, 0, 7, 'няш', 'топ 100 альбомов за все время'),
(127, 36, 2, NULL, 'dont stop \'til you get enough', 'get on the floor', 0, 0, 6, NULL, 'топ 100 альбомов за все время'),
(128, 36, 3, NULL, 'rock with you', 'i cant help it', 0, 0, 5, NULL, 'топ 100 альбомов за все время'),
(129, 36, 4, NULL, 'rock with you', 'she\'s out my life', 0, 0, 6, NULL, 'топ 100 альбомов за все время'),
(130, 37, 1, NULL, 'let me ride', 'rat-tat-tat-tat', 0, 0, 3, '3 балла за 3 хорошие песни', 'топ 100 альбомов за все время'),
(131, 37, 2, NULL, 'the chronic (intro) / fuck wit dre day / doctors office', 'sack pyramid', 0, 0, 6, NULL, 'топ 100 альбомов за все время'),
(132, 37, 4, NULL, 'the doctor\'s office', '-', 0, 0, 6, NULL, 'топ 100 альбомов за все время'),
(133, 38, 1, NULL, '-', '-', 0, 0, 4, 'грустно, тк я ожидала большего от него, но очень скучно..', 'топ 100 альбомов за все время'),
(134, 38, 2, NULL, 'one of us must know / i want you / stuck inside of mobile...', 'первые 3', 0, 1, 5, NULL, 'топ 100 альбомов за все время'),
(135, 38, 4, NULL, 'нет', 'нет', 0, 0, 0, NULL, 'топ 100 альбомов за все время'),
(136, 39, 1, NULL, 'once in a lifetime', 'все', 0, 0, 4, 'скучно', 'топ 100 альбомов за все время'),
(137, 39, 2, NULL, 'houses in motion / once in a lifetime', 'the great curve / the overload', 0, 0, 5, NULL, 'топ 100 альбомов за все время'),
(138, 39, 4, NULL, 'Once in a Lifetime', 'The Overload', 0, 0, 4, NULL, 'топ 100 альбомов за все время'),
(139, 40, 1, NULL, 'starman', 'soul love', 0, 0, 5, 'вторая половина альбома очень хорошая, но первые песни это пиздец', 'топ 100 альбомов за все время'),
(140, 40, 2, NULL, 'starman / ziggy stardust', 'star', 1, 0, 7, NULL, 'топ 100 альбомов за все время'),
(141, 40, 4, NULL, '-', '-', 0, 0, 5, NULL, 'топ 100 альбомов за все время'),
(142, 41, 1, NULL, 'live with me/ you got the silver', 'midnight rambler', 0, 0, 7, 'песни хорошие, но пришла к выводу, что не знаю, какими качествами должен обладать альбом, который каждый обязан послушать 😰', 'топ 100 альбомов за все время'),
(143, 41, 2, NULL, 'gimme shelter / you can\'t always get what you want', 'love in vain', 1, 1, 8, NULL, 'топ 100 альбомов за все время'),
(144, 41, 4, NULL, 'You Can\'t Always Get What You Want', 'Midnight Rambler', 0, 0, 6, NULL, 'топ 100 альбомов за все время'),
(145, 42, 1, NULL, 'karma police', 'fitter happier', 0, 1, 7, 'переписываю итог спустя полгода (?) не самый лучший альбом', 'top 200'),
(146, 42, 2, NULL, 'let down', 'paranoid android', 0, 0, 7, NULL, 'топ 100 альбомов за все время'),
(147, 42, 3, NULL, 'lucky', 'electioneering', 1, 1, 10, NULL, 'топ 100 альбомов за все время'),
(148, 42, 4, NULL, 'karma police', 'fitter happier', 0, 0, 7, NULL, 'top 200'),
(149, 43, 1, NULL, 'butter', 'verses from the abstract', 0, 0, 7, 'по дороге к врачу норм обложка класс', 'топ 100 альбомов за все время'),
(150, 43, 2, NULL, 'butter', 'scenario', 0, 0, 7, NULL, 'топ 100 альбомов за все время'),
(151, 43, 4, NULL, 'scenario', 'check the rhime', 0, 1, 8, NULL, 'топ 100 альбомов за все время'),
(152, 44, 1, NULL, 'the world is yours', 'хз', 0, 0, 5, 'хз я под этот альбом катку лузанула никакая из песен не выделилась будто на реплей поставила одну песню', 'топ 100 альбомов за все время'),
(153, 44, 2, NULL, 'n y state of mind / life\'s bitch', 'one love', 1, 1, 7, NULL, 'топ 100 альбомов за все время'),
(154, 44, 4, NULL, 'начало альбома было норм', 'one time 4 your mind', 0, 0, 4, NULL, 'топ 100 альбомов за все время'),
(155, 45, 1, NULL, 'if i was your girlfriend', 'its gonna be a beautiful night', 1, 0, 7, 'приятный альбом на самом деле, начало подхрамало', 'топ 100 альбомов за все время'),
(156, 45, 2, NULL, 'if i was your girlfriend / play in the sunshine', 'it', 0, 0, 5, NULL, 'топ 100 альбомов за все время'),
(157, 45, 4, NULL, 'нет', 'Slow Love', 0, 0, 5, NULL, 'топ 100 альбомов за все время'),
(158, 46, 1, NULL, '-', 'все', 0, 0, 1, 'скучно все одинаковое', 'топ 100 альбомов за все время'),
(159, 46, 2, NULL, 'graceland', 'homeless', 0, 0, 2, NULL, 'топ 100 альбомов за все время'),
(160, 46, 4, NULL, 'нет', 'все', 0, 0, 0, NULL, 'топ 100 альбомов за все время'),
(161, 47, 1, NULL, 'i wanna be your boyfriend', '-', 0, 0, 6, 'хороший альбом и всё', 'топ 100 альбомов за все время'),
(162, 47, 2, NULL, 'beat on the brat', '-', 0, 0, 5, NULL, 'топ 100 альбомов за все время'),
(163, 47, 4, NULL, 'blizkieg bop', '-', 0, 0, 6, NULL, 'топ 100 альбомов за все время'),
(164, 48, 1, NULL, 'is this love', 'buffalo soldier', 0, 0, 4, 'скучно', 'топ 100 альбомов за все время'),
(165, 48, 2, NULL, 'could u be loved / is this love', 'get up, stand up / exodus', 0, 0, 6, NULL, 'топ 100 альбомов за все время'),
(166, 48, 4, NULL, 'нет', 'все', 0, 0, 1, NULL, 'топ 100 альбомов за все время'),
(167, 49, 1, NULL, 'SpottieOttieDopaliscios', 'mamacita', 0, 0, 7, 'ну ауткаст легенды', 'top 200'),
(168, 49, 2, NULL, 'da art of storytellin part 1 / SpottieOttieDopaliscious', 'mamacita', 0, 0, 3, NULL, 'top 200'),
(169, 49, 4, NULL, 'SpottieOttieDopaliscious', '-', 0, 0, 7, NULL, 'top 200'),
(170, 50, 1, NULL, 'girls girls girls', 'takeover', 0, 0, 5, 'ну бывает', 'top 200'),
(171, 50, 2, NULL, 'izzo / girls girls girls', 'never change', 0, 0, 6, NULL, 'top 200'),
(172, 50, 3, NULL, 'girls girls', '-', 1, 1, 7, NULL, 'топ 100 альбомов за все время'),
(173, 50, 4, NULL, 'girls girls girls / never change', 'renegade / lyrical exercise', 1, 1, 9, NULL, 'top 200'),
(174, 51, 1, NULL, 'rock and roll music', 'havana moon', 0, 0, 5, 'звучание рок н ролла люблю но опять же все однотипно (почти)', 'топ 100 альбомов за все время'),
(175, 51, 2, NULL, 'reelin and rockin / around and around / carol / sweet little rock n roller', 'одни из первых', 0, 0, 7, NULL, 'топ 100 альбомов за все время'),
(176, 51, 4, NULL, 'нет', 'You Can\'t Catch Me - Single Version', 0, 0, 0, NULL, 'топ 100 альбомов за все время'),
(177, 52, 1, NULL, 'word on a wing', 'tvc15', 0, 0, 3, 'не самые лучшие его песни', 'топ 100 альбомов за все время'),
(178, 52, 2, NULL, 'stay / word on a wing', 'wild is the wind', 0, 0, 5, NULL, 'топ 100 альбомов за все время'),
(179, 52, 4, NULL, '-', '-', 0, 0, 1, NULL, 'топ 100 альбомов за все время'),
(180, 53, 1, NULL, '1983', 'house burning down', 0, 0, 5, 'играет хорошо  но мне скучно', 'топ 100 альбомов за все время'),
(181, 53, 2, NULL, 'voodoo child / voodoo chile', 'little miss strange', 1, 1, 8, NULL, 'топ 100 альбомов за все время'),
(182, 53, 4, NULL, 'ГОВНО', '...And the Gods Made Love', 0, 0, 1, NULL, 'топ 100 альбомов за все время'),
(183, 54, 1, NULL, '-', '-', 0, 0, 0, '-', 'топ 100 альбомов за все время'),
(184, 54, 2, NULL, 'bewildered, cold sweat, there was a time', 'хз', 1, 1, 7, NULL, 'топ 100 альбомов за все время'),
(185, 54, 4, NULL, 'очень жаль недоступен альбом', 'очень жаль недоступен альбом', 0, 0, 0, NULL, 'топ 100 альбомов за все время'),
(186, 55, 1, NULL, 'the great gig in the sky', '-', 0, 0, 4, 'просто', 'топ 100 альбомов за все время'),
(187, 55, 2, NULL, 'breathe, us and them, eclipse', 'on the run', 1, 1, 7, NULL, 'топ 100 альбомов за все время'),
(188, 55, 4, NULL, 'speak to me', 'on the run', 0, 0, 5, NULL, 'топ 100 альбомов за все время'),
(189, 56, 1, NULL, 'never said', 'shatter', 0, 0, 5, 'ничего примечательного', 'топ 100 альбомов за все время'),
(190, 56, 2, NULL, 'never said / fuck and run / dance of the seven veils', 'shatter', 0, 1, 7, NULL, 'топ 100 альбомов за все время'),
(191, 56, 4, NULL, 'soap star joe', 'shatter', 0, 0, 5, NULL, 'топ 100 альбомов за все время'),
(192, 57, 1, NULL, 'across the grat divide', '-', 0, 0, 5, 'норммм но я уже хз что говорить бдуто бы все песни во всех альбомах одинаковые', 'топ 100 альбомов за все время'),
(193, 57, 2, NULL, 'rag mama rag / the night they .. / king harvest ...', 'when you awake', 1, 1, 8, NULL, 'топ 100 альбомов за все время'),
(194, 57, 4, NULL, 'The Night They Drove Old Dixie Down', 'Whispering Pines', 0, 0, 4, NULL, 'топ 100 альбомов за все время'),
(195, 58, 1, NULL, 'black dog', '-', 0, 0, 3, 'ничего примечательного', 'топ 100 альбомов за все время'),
(196, 58, 2, NULL, 'stairway to heaven / when the levee breaks', 'хз первые неоч', 0, 0, 6, NULL, 'топ 100 альбомов за все время'),
(197, 58, 4, NULL, 'Stairway to Heaven', 'Misty Mountain Hop', 0, 1, 8, NULL, 'топ 100 альбомов за все время'),
(198, 59, 1, NULL, 'i believe/ big brother', 'you and i', 0, 0, 6, 'он хорошик но есть альбомы намного лучше', 'топ 100 альбомов за все время'),
(199, 59, 2, NULL, 'superstition', 'хз', 0, 0, 5, NULL, 'топ 100 альбомов за все время'),
(200, 59, 4, NULL, 'Superstition', 'Big Brother', 0, 0, 4, NULL, 'топ 100 альбомов за все время'),
(201, 60, 1, NULL, '-', '-', 0, 0, 2, 'это какой-то пиздец', 'топ 100 альбомов за все время'),
(202, 60, 2, NULL, 'madame george (10 из 10) / astral weeks', 'beside you', 1, 0, 7, NULL, 'топ 100 альбомов за все время'),
(203, 60, 4, NULL, 'The Way Young Lovers Do', 'Madame George', 0, 0, 3, NULL, 'топ 100 альбомов за все время'),
(204, 61, 1, NULL, '-', 'все', 0, 0, 1, 'конец просто пиздец одни биты неприятные я чуть не сдохла', 'топ 100 альбомов за все время'),
(205, 61, 2, NULL, 'i know you got soul/paid in full', 'хз', 0, 0, 6, NULL, 'топ 100 альбомов за все время'),
(206, 61, 4, NULL, '-', 'Chinese Arithmetic', 0, 0, 1, NULL, 'топ 100 альбомов за все время'),
(207, 62, 1, NULL, 'paradise city', 'хз', 0, 0, 2, 'понимаю почему их любили но не мой вайб', 'топ 100 альбомов за все время'),
(208, 62, 2, NULL, 'rocket queen / sweet child o mine', 'anything goes', 0, 0, 4, NULL, 'топ 100 альбомов за все время'),
(209, 62, 4, NULL, 'не идет', 'не идет', 0, 0, 1, NULL, 'топ 100 альбомов за все время'),
(210, 63, 1, NULL, 'aja', 'deacon blues', 0, 0, 5, 'приятно под судоку чисто', 'топ 100 альбомов за все время'),
(211, 63, 2, NULL, 'deacon blues / peg', 'i got the news', 0, 0, 7, NULL, 'топ 100 альбомов за все время'),
(212, 63, 4, NULL, '-', '-', 0, 0, 5, NULL, 'топ 100 альбомов за все время'),
(213, 64, 1, NULL, 'Ms. Jackson', 'B.O.B', 0, 0, 4, 'две песни хорошие остальное пойдет', 'top 200'),
(214, 64, 2, NULL, 'spaghetti junction', 'toilet tisha', 0, 0, 5, NULL, 'топ 100 альбомов за все время'),
(215, 64, 4, NULL, '-', '-', 0, 0, 6, NULL, 'top 200'),
(216, 65, 1, NULL, 'try me', 'lost someone', 0, 0, 2, 'за девочек которые писались кипятком там от каждой песни', 'топ 100 альбомов за все время'),
(217, 65, 4, NULL, 'нет', 'нет', 0, 0, 3, NULL, 'топ 100 альбомов за все время'),
(218, 66, 1, NULL, 'psalm', '-', 0, 0, 4, 'нечего сказать', 'топ 100 альбомов за все время'),
(219, 66, 2, NULL, 'resolution', 'pursuance', 0, 0, 7, NULL, 'топ 100 альбомов за все время'),
(220, 66, 4, NULL, '-', '3', 0, 0, 4, NULL, 'топ 100 альбомов за все время'),
(221, 67, 1, NULL, 'ain\'t no nigga/ feelin\' it', 'politics as usual', 0, 0, 5, 'хз никакого впечатления не оставил но чилловый рэп всегда приветствуется', 'топ 100 альбомов за все время'),
(222, 67, 2, NULL, 'feelin it / dead presidents II', 'can\'t knock the house', 0, 0, 7, NULL, 'топ 100 альбомов за все время'),
(223, 67, 3, NULL, 'feelin it', 'bring it on', 0, 0, 5, NULL, 'топ 100 альбомов за все время'),
(224, 67, 4, NULL, 'dead presidents II', 'can\'t knock the house', 1, 1, 9, NULL, 'топ 100 альбомов за все время'),
(225, 68, 1, NULL, 'running up that hill', 'jig of life', 0, 0, 4, 'начиналось хорошо закончилось так себе', 'топ 100 альбомов за все время'),
(226, 68, 2, NULL, 'the big sky / jig of life', 'waking the witch', 0, 0, 7, NULL, 'топ 100 альбомов за все время'),
(227, 68, 3, NULL, 'running up that hill', 'walking the witch / wathcing you without me', 0, 0, 4, NULL, 'топ 100 альбомов за все время'),
(228, 68, 4, NULL, 'hounds of love', 'under ice', 1, 1, 7, NULL, 'топ 100 альбомов за все время'),
(229, 69, 1, NULL, 'ironic', 'perfect', 0, 0, 5, 'начиналось хорошо но ожидания не оправдал (love female rage)', 'топ 100 альбомов за все время'),
(230, 69, 4, NULL, '-', '-', 0, 0, 6, NULL, 'топ 100 альбомов за все время'),
(231, 70, 1, NULL, 'fuck tha police', 'все', 0, 0, 1, 'КАК ЖЕ ЗАЕБАЛО ОДНО И ТО ЖЕ', 'топ 100 альбомов за все время'),
(232, 70, 2, NULL, 'gangsta gangsta / express yourself', 'compton\'s n the house', 0, 0, 4, NULL, 'топ 100 альбомов за все время'),
(233, 70, 4, NULL, '-', '-', 0, 0, 3, NULL, 'топ 100 альбомов за все время'),
(234, 71, 1, NULL, 'jamming', 'exodus', 0, 0, 3, 'на фон', 'топ 100 альбомов за все время'),
(235, 71, 2, NULL, 'jamming', '-', 0, 0, 4, NULL, 'топ 100 альбомов за все время'),
(236, 71, 4, NULL, '-', '-', 0, 0, 3, NULL, 'топ 100 альбомов за все время'),
(237, 72, 1, NULL, '-', '-', 0, 0, 0, '-', 'топ 100 альбомов за все время'),
(238, 72, 4, NULL, 'очень жаль недоступен альбом', 'очень жаль недоступен альбом', 0, 0, 0, NULL, 'топ 100 альбомов за все время'),
(239, 73, 1, NULL, 'when you sleep', 'i only said', 0, 1, 8, 'when you sleep это лучшая песня в мире я хз она вызывает у меня такие такие эмоции и одновременно так успокаивает. чисто из-за нее готова влепить 10 но не буду :з', 'топ 100 альбомов за все время'),
(240, 73, 2, NULL, 'to here knows when / come in alone', 'i only said', 0, 1, 9, NULL, 'топ 100 альбомов за все время'),
(241, 73, 3, NULL, 'when you sleep', 'i only said', NULL, NULL, NULL, NULL, 'топ 100 альбомов за все время'),
(242, 73, 4, NULL, 'touched', 'touched', 1, 1, 10, NULL, 'топ 100 альбомов за все время'),
(243, 74, 1, NULL, 'family business/ slow jamz', 'workout plan', 0, 0, 8, 'очень очень очень хороший альбом с радостью переслушаю', 'top 200'),
(244, 74, 2, NULL, 'we don\'t care / never let me down / get em high / slow jams/ FAMILY BUSINESS (HITS SO HARD)', 'the new workout plan', 0, 1, 8, NULL, 'топ 100 альбомов за все время'),
(245, 74, 4, NULL, 'family bisness', 'workout plan', 0, 0, 8, NULL, 'top 200'),
(246, 75, 1, NULL, 'you make me feel like a natural woman', 'come back baby', 0, 0, 7, 'хороший еще помню как ариана кавер делала', 'топ 100 альбомов за все время'),
(247, 75, 4, NULL, '-', '-', 0, 0, 7, NULL, 'топ 100 альбомов за все время'),
(248, 76, 1, NULL, 'no thing on me', 'xz', 0, 0, 4, 'под симс', 'топ 100 альбомов за все время'),
(249, 76, 2, NULL, 'pusherman', 'junkie chase', 0, 0, 7, NULL, 'топ 100 альбомов за все время'),
(250, 76, 4, NULL, '-', '-', 0, 0, 5, NULL, 'топ 100 альбомов за все время'),
(251, 77, 1, NULL, '-', '-', 0, 0, 1, 'сука как же заебалась я', 'топ 100 альбомов за все время'),
(252, 77, 2, NULL, 'baba o\'riley / naked eye live', 'behind blue eyes', 1, 1, 9, NULL, 'топ 100 альбомов за все время'),
(253, 77, 4, NULL, '-', '-', 0, 0, 3, NULL, 'топ 100 альбомов за все время'),
(254, 78, 1, NULL, 'i don\'t care is the sun don\'t shine', '-', 0, 0, 3, 'присцилла лучше', 'топ 100 альбомов за все время'),
(255, 78, 4, NULL, '-', '-', 0, 0, 0, NULL, 'топ 100 альбомов за все время'),
(256, 79, 1, NULL, 'pink + white', 'facebook story', 0, 1, 6, 'няшныый альбом 2016 вайбс лето мне нрав', 'top 200'),
(257, 79, 2, NULL, 'white ferrari', 'solo(reprise)', 0, 0, 9, NULL, 'топ 100 альбомов за все время'),
(258, 79, 3, NULL, 'pink + white', 'facebook story', 1, 1, 8, NULL, 'топ 100 альбомов за все время'),
(259, 79, 4, NULL, 'pink + white', 'ivy', 0, 0, 6, NULL, 'top 200'),
(260, 80, 1, NULL, 'никакая', 'все', 0, 0, 0, 'наконец-то закончилось', 'топ 100 альбомов за все время'),
(261, 80, 4, NULL, 'нет', 'все', 0, 0, 1, NULL, 'топ 100 альбомов за все время'),
(262, 81, 1, NULL, 'partition', 'mine', 1, 1, 8, 'топ 20 тикток звуков', 'top 200'),
(263, 81, 3, NULL, 'drunk in love', 'mine', 1, 1, 8, NULL, 'топ 100 альбомов за все время'),
(264, 81, 4, NULL, 'PARTITION / blue', 'haunted', 0, 1, 8, NULL, 'top 200'),
(265, 82, 1, NULL, 'family affair', 'time', 0, 0, 6, 'мне понрав на самом деле', 'топ 100 альбомов за все время'),
(266, 82, 4, NULL, '-', 'Africa Talks to You (\"The Asphalt Jungle\")', 0, 0, 1, NULL, 'топ 100 альбомов за все время'),
(267, 83, 1, NULL, 'breakfast in bed', '-', 0, 0, 7, 'приятный альбом и песни у нее есть классные', 'топ 100 альбомов за все время'),
(268, 83, 4, NULL, 'just a little lovin\'', '-', 0, 0, 5, NULL, 'топ 100 альбомов за все время'),
(269, 84, 1, NULL, 'back in black', '-', 0, 0, 0, 'ПОЧЕМУ ОНИ ТАК ПРОТИВНО ОРУТ', 'топ 100 альбомов за все время'),
(270, 84, 4, NULL, '-', '-', 0, 0, 0, NULL, 'топ 100 альбомов за все время'),
(271, 85, 1, NULL, 'my mummy\'s dead', 'working class hero', 0, 1, 6, 'спокойно как я и люблю', 'топ 100 альбомов за все время'),
(272, 85, 2, NULL, 'hold on', 'well well well', 0, 0, 6, NULL, 'топ 100 альбомов за все время'),
(273, 85, 3, NULL, '-', '-', 0, 0, 0, NULL, 'топ 100 альбомов за все время'),
(274, 85, 4, NULL, 'hold on', 'my mummy\'s dead', 0, 0, 3, NULL, 'топ 100 альбомов за все время'),
(275, 86, 1, NULL, '-', '-', 0, 0, 4, 'ну опять всё одинаковое оть и есть интересные песни', 'топ 100 альбомов за все время'),
(276, 86, 2, NULL, 'soul kitchen, light my fire', 'the crystal ship', 0, 0, 7, NULL, 'топ 100 альбомов за все время'),
(277, 86, 4, NULL, '-', '-', 0, 0, 2, NULL, 'топ 100 альбомов за все время'),
(278, 87, 1, NULL, '-', '-', 0, 0, 1, 'хотя бы не тошнотно', 'топ 100 альбомов за все время'),
(279, 87, 2, NULL, '-', 'bitches brew', 0, 0, 1, NULL, 'топ 100 альбомов за все время'),
(280, 87, 4, NULL, '-', '-', 0, 0, 1, NULL, 'топ 100 альбомов за все время'),
(281, 88, 1, NULL, 'changes', 'the bewlay brothers', 0, 0, 5, 'начало хорошее было конец хуйня', 'топ 100 альбомов за все время'),
(282, 88, 2, NULL, 'life in mars/kooks', 'хз', 0, 0, 6, NULL, 'топ 100 альбомов за все время'),
(283, 88, 4, NULL, '-', '-', 0, 0, 4, NULL, 'топ 100 альбомов за все время'),
(284, 89, 1, NULL, 'я хззз мне все понравились 😭', 'afro', 1, 0, 9, 'очень очень очень приятные песни, рнб лучший жанр', 'топ 100 альбомов за все время'),
(285, 89, 2, NULL, '4 leaf clover', 'хз', 1, 1, 9, NULL, 'топ 100 альбомов за все время'),
(286, 89, 4, NULL, '4 leaf clover', '-', 0, 0, 9, NULL, 'топ 100 альбомов за все время'),
(287, 90, 1, NULL, '-', '-', 0, 0, 0, '-', 'топ 100 альбомов за все время'),
(288, 90, 4, NULL, 'очень жаль недоступен альбом', 'очень жаль недоступен альбом', 0, 0, 0, NULL, 'топ 100 альбомов за все время'),
(289, 91, 1, NULL, '-', '-', 0, 0, 0, 'скукота', 'топ 100 альбомов за все время'),
(290, 91, 4, NULL, '-', 'Something in the Night', 0, 0, 2, NULL, 'топ 100 альбомов за все время'),
(291, 92, 1, NULL, 'she\'s so fine', 'if 6 was 9', 0, 0, 5, 'на гитаре он охуенно ебашит', 'топ 100 альбомов за все время'),
(292, 92, 2, NULL, 'one rainy wish', 'хз', 1, 1, 7, NULL, 'топ 100 альбомов за все время'),
(293, 92, 4, NULL, 'все песни как одна', 'все песни как одна', 0, 0, 3, NULL, 'топ 100 альбомов за все время'),
(294, 93, 1, NULL, 'the rain', 'why you hurt me', 0, 0, 7, 'наконец-то хип-хоп альбом, который приятно слушать и можно найти хорошие песни', 'топ 100 альбомов за все время'),
(295, 93, 2, NULL, 'dont be comin / beep me 911', 'sock it to me', 0, 0, 7, NULL, 'топ 100 альбомов за все время'),
(296, 93, 4, NULL, 'friendly skies', 'все песни как одна', 0, 0, 4, NULL, 'топ 100 альбомов за все время'),
(297, 94, 1, NULL, '-', '-', 0, 0, 0, 'просто крики', 'топ 100 альбомов за все время'),
(298, 94, 4, NULL, '-', '-', 0, 0, 0, NULL, 'топ 100 альбомов за все время'),
(299, 95, 1, NULL, 'make me proud/ lord knows', 'buried aive interlude', 0, 0, 4, 'хз спокойно играл на фоне, тоже как даня не образала внимания. ничем не зацепил', 'топ 100 альбомов за все время'),
(300, 95, 3, NULL, 'marvins room', 'crew love', 1, 1, 8, NULL, 'топ 100 альбомов за все время'),
(301, 95, 4, NULL, 'make me proud', 'crew love', 0, 0, 6, NULL, 'топ 100 альбомов за все время'),
(302, 96, 1, NULL, 'man on the moon', '-', 0, 0, 1, 'скучнго неприятно', 'топ 100 альбомов за все время'),
(303, 96, 2, NULL, 'ignoreland / man on the moon / nightswimming', 'find the river', 0, 1, 7, NULL, 'топ 100 альбомов за все время'),
(304, 96, 4, NULL, '-', '-', 0, 0, 1, NULL, 'топ 100 альбомов за все время'),
(305, 97, 1, NULL, '-', '-', 0, 0, 0, 'не могу', 'топ 100 альбомов за все время'),
(306, 97, 4, NULL, '-', '-', 0, 0, 2, NULL, 'топ 100 альбомов за все время'),
(307, 98, 1, NULL, '2 kool 2 be 4-gotten', 'jackson', 0, 0, 5, 'норм кайф', 'топ 100 альбомов за все время'),
(308, 98, 2, NULL, '2 kool to be 4-gotten / jackson / concrete and barber wire', 'greenville', 0, 0, 5, NULL, 'топ 100 альбомов за все время'),
(309, 98, 4, NULL, '-', 'Lake Charles', 0, 0, 6, NULL, 'топ 100 альбомов за все время'),
(310, 99, 1, NULL, 'begin again', 'i almost do', 1, 1, 9, 'люблю тейлор ня хороший альбом мне все нравится!!!!!!!!', 'top 200'),
(311, 99, 2, NULL, 'begin again / all too well (10 min ver) / holy ground', 'red', 0, 1, 8, NULL, 'топ 100 альбомов за все время'),
(312, 99, 3, NULL, 'sad beautiful tragic, the lucky one', 'the last time', 1, 1, 10, NULL, 'топ 100 альбомов за все время'),
(313, 99, 4, NULL, 'I KNEW YOU WERE TROUBLE', 'the last time', 1, 1, 9, NULL, 'top 200'),
(314, 100, 1, NULL, 'chest fever', 'the wheels on fire', 0, 0, 4, 'пойдет', 'топ 100 альбомов за все время'),
(315, 100, 4, NULL, 'мама за что', 'мама за что', 0, 0, 0, NULL, 'топ 100 альбомов за все время'),
(316, 101, 1, NULL, 'all i need', '15 step', 0, 0, 8, 'лучший их альбом', 'top 200'),
(317, 101, 4, NULL, 'Jigsaw Falling Into Place', 'Videotape', 0, 0, 7, NULL, 'top 200'),
(318, 102, 1, NULL, 'rebellion (lies)', 'neighbourhood #2', 0, 0, 6, 'приятно было', 'top 200'),
(319, 102, 4, NULL, 'Une Annee Sans Lumiere', 'Neighborhood #4 (7 Kettles)', 0, 0, 3, NULL, 'top 200'),
(320, 103, 1, NULL, 'why are sundays so depressing', 'not the same anymore', 0, 1, 8, 'люблю их', 'top 200'),
(321, 103, 4, NULL, 'The Adults Are Talking', 'At The Door', 0, 0, 4, NULL, 'top 200'),
(322, 104, 1, NULL, 'money trees/ poetic justice/ swimming pools', 'backseat freestyle', 1, 1, 8, 'оч хороший', 'top 200'),
(323, 104, 4, NULL, 'Money Trees / Swimming Pools (Drank) - Extended Version', 'Sing About Me, I\'m Dying Of Thirst', 0, 0, 7, NULL, 'top 200'),
(324, 105, 1, NULL, 'jesus, etc.', 'poor places', 0, 0, 4, 'скучно и звучание так себе', 'top 200'),
(325, 106, 1, NULL, 'In the Aeroplane Over the Sea', 'ghost', 0, 0, 4, 'одна песня любимая и то благодаря шере', 'top 200'),
(326, 107, 1, NULL, 'Come On! Feel the Illinoise!', 'все остальные', 0, 0, 3, 'скучноооооо', 'top 200'),
(327, 108, 1, NULL, 'bound 2', 'im in it', 0, 0, 5, 'пойдет', 'top 200'),
(328, 108, 4, NULL, 'On Sight  Bound 2', 'Blood On The Leaves', 0, 0, 2, NULL, 'top 200'),
(329, 109, 1, NULL, 'pyramids/ pink matter', 'end', 0, 1, 8, 'хороший', 'top 200'),
(330, 109, 4, NULL, 'Crack Rock', 'White', 0, 0, 7, NULL, 'top 200'),
(331, 110, 1, NULL, 'time to get away', 'sound od silver', 0, 0, 1, 'не мой жанр', 'top 200'),
(332, 111, 1, NULL, 'все одинаковые', 'все одинаковые', 0, 0, 2, 'все одинаковые но не бесило', 'top 200'),
(333, 112, 1, NULL, 'все', '-', 1, 1, 10, '!!!!!!', 'top 200'),
(334, 112, 4, NULL, 'Fuck it I love you', 'The Next Best American Record', 1, 1, 9, NULL, 'top 200'),
(335, 113, 1, NULL, 'fourth of july', 'хз', 0, 0, 2, 'за песню', 'top 200'),
(336, 114, 1, NULL, '-', '-', 0, 0, 1, 'хуйня', 'top 200'),
(337, 115, 1, NULL, 'green light/ perfect places/ supercut', '-', 1, 1, 8, 'просто мой 2017 когда я скачала весь альбом и включала родителям пока мы ехали на море', 'top 200'),
(338, 115, 4, NULL, 'Hard Feelings/Loveless', 'Sober II (Melodrama)', 0, 0, 7, NULL, 'top 200'),
(339, 116, 1, NULL, 'unbelievers', 'hudson', 0, 0, 3, 'нечего сказать', 'top 200'),
(340, 117, 1, NULL, 'obstacle 1', 'NYC', 0, 0, 3, 'норм', 'top 200'),
(341, 118, 1, NULL, 'the suburbs', 'rococc', 0, 0, 4, 'местами норм местами говно бывает', 'top 200'),
(342, 118, 4, NULL, 'Sprawl 2', 'rococo', 0, 0, 5, NULL, 'top 200'),
(343, 119, 1, NULL, 'for her/ under the table/ ladies', 'heavy balloon', 0, 0, 7, 'хороший', 'top 200'),
(344, 120, 1, NULL, 'много 😭', '-', 1, 1, 9, 'мега хороший спасибо брату что добавил в аудиозаписи в 15 году и я своровала', 'top 200'),
(345, 120, 4, NULL, 'New Person, Same Old Mistakes', NULL, NULL, NULL, NULL, NULL, 'top 200'),
(346, 121, 1, NULL, '-', '-', 0, 0, 1, 'пиздец на мозг давит', 'top 200'),
(347, 121, 4, NULL, 'pluto', 'all is full of love', 0, 0, 7, NULL, 'top 200'),
(348, 122, 1, NULL, 'for emma', NULL, NULL, NULL, NULL, NULL, 'top 200'),
(349, 123, 1, NULL, '-', 'все', 0, 0, 1, 'ненавижу', 'top 200'),
(350, 123, 4, NULL, 'dollar days', 'star', 0, 0, 7, NULL, 'top 200'),
(351, 124, 1, NULL, 'harder better faster stronger', 'high life', 0, 0, 3, 'УМРУ', 'top 200'),
(352, 124, 4, NULL, 'High Life', 'One More Time', 0, 0, 6, NULL, 'top 200'),
(353, 125, 1, NULL, 'i know the end', NULL, NULL, NULL, NULL, NULL, 'top 200'),
(354, 126, 1, NULL, 'silver soul/ take care', NULL, NULL, NULL, NULL, NULL, 'top 200'),
(355, 126, 4, NULL, 'Silver Soul', 'Used to Be', 0, 0, 2, NULL, 'top 200'),
(356, 127, 1, NULL, 'since i left you', 'little jorney', 0, 0, 5, 'хз', 'top 200'),
(357, 127, 4, NULL, 'flight tonight', 'Etoh', 0, 0, 7, NULL, 'top 200'),
(358, 131, 1, NULL, 'i can change', 'pow pow', 0, 0, 6, 'норм засолила катку под него', 'top 200'),
(359, 131, 4, NULL, 'drunk girls', 'home', 0, 0, 4, NULL, 'top 200'),
(360, 133, 1, NULL, '2:45', 'хз', 0, 1, 8, 'няфф', 'top 200'),
(361, 133, 4, NULL, 'beetween the bars', 'нет', 0, 1, 8, NULL, 'top 200'),
(362, 134, 4, NULL, 'its not up to you', 'frosti', 1, 1, 10, NULL, 'what we want (2023 edition)'),
(363, 135, 1, NULL, 'lazuli/ other people', NULL, NULL, NULL, NULL, NULL, 'top 200'),
(364, 138, 1, NULL, 'gold digger', NULL, NULL, NULL, NULL, NULL, 'top 200'),
(365, 138, 4, NULL, 'Drive Slow', 'crack music / addiction', 0, 0, 6, NULL, 'top 200'),
(366, 139, 4, NULL, '-', 'Jonathan', 0, 0, 4, NULL, 'top 200'),
(367, 140, 1, NULL, 'puppet', 'НЕТ', 1, 0, 10, 'мой самый любимый альбом тайлера :)', 'top 200'),
(368, 140, 4, NULL, 'earfquake', 'puppet', 0, 0, 8, NULL, 'top 200'),
(369, 144, 1, NULL, 'your type/ i really like you', NULL, NULL, NULL, NULL, NULL, 'top 200'),
(370, 144, 4, NULL, 'I Really Like You', 'Black Heart', 0, 0, 6, NULL, 'top 200'),
(371, 148, 1, NULL, 'feels like we only go backwards', 'все', 0, 0, 1, 'СКУЧНО', 'top 200'),
(372, 156, 1, NULL, 'mirrorball', '-', 0, 1, 8, 'любимый', 'what we want (2024 edition)'),
(373, 156, 4, NULL, 'betty august', 'exile (feat. Bon Iver)', 0, 0, 8, NULL, 'what we want (2024 edition)'),
(374, 161, 1, NULL, 'normal girl', 'supermodel', 0, 0, 4, 'boring', 'top 200'),
(375, 161, 4, NULL, 'The Weekend', NULL, 0, 0, 6, NULL, 'top 200'),
(376, 162, 2, NULL, 'tired of sex / butterfly / el scorcho', 'accross the sea', 1, 1, 7, NULL, 'top 200'),
(377, 162, 4, NULL, 'Pink Triangle', 'Butterfly', 0, 0, 7, NULL, 'what we want (2024 edition)'),
(378, 164, 1, NULL, 'wolves', 'fade', 0, 0, 6, 'у него есть лучше', 'top 200'),
(379, 164, 4, NULL, NULL, 'Low Lights', NULL, NULL, NULL, NULL, 'top 200'),
(380, 165, 1, NULL, 'cellophane', 'хз', 0, 0, 4, 'скучно', 'top 200'),
(381, 165, 4, NULL, 'нет', 'нет', 0, 0, 3, NULL, 'top 200'),
(382, 167, 4, NULL, 'When The Sun Goes Down', NULL, 0, 0, 7, NULL, 'top 200'),
(383, 170, 1, NULL, '-', '-', 0, 0, 1, 'ну и нахуя столько песен по минуте', 'top 200'),
(384, 173, 4, NULL, 'Kill V. Maim', 'California', 0, 0, 3, NULL, 'what we want (2024 edition)'),
(385, 174, 1, NULL, 'spanish joint', 'остальные', 0, 0, 5, 'еще раз я услышу рнб и хип хоп я взорву свой череп', 'top 200'),
(386, 174, 4, NULL, '-', '-', 0, 0, 3, NULL, 'top 200'),
(387, 175, 4, NULL, 'Faceshopping  Immaterial', 'Pretending', 0, 0, 4, NULL, 'top 200'),
(388, 179, 1, NULL, '-', '-', 0, 0, 1, 'нет', 'top 200'),
(389, 179, 4, NULL, 'ГОВНО НАХУЙ', 'ГОВНО НАХУЙ', 0, 0, 1, NULL, 'top 200'),
(390, 181, 4, NULL, '-', 'почти все', 0, 0, 2, NULL, 'top 200'),
(391, 182, 1, NULL, '-', '-', 0, 0, 1, 'говно', 'top 200'),
(392, 182, 4, NULL, 'Hacker', 'почти все', 0, 0, 2, NULL, 'top 200'),
(393, 183, 4, NULL, 'Pyramid Song', 'все', 0, 0, 2, NULL, 'top 200'),
(394, 186, 1, NULL, 'See You Again (feat. Kali Uchis)', 'i ain\'t got time', 0, 1, 7, 'альбом весны 2020', 'top 200'),
(395, 186, 4, NULL, 'See You Again (feat. Kali Uchis)', 'Who Dat Boy (feat. A$AP Rocky)', 0, 0, 6, NULL, 'top 200'),
(396, 188, 1, NULL, 'нет', 'нет', 0, 0, 1, 'нет', 'top 200'),
(397, 188, 4, NULL, 'нет', 'нет', 0, 0, 1, NULL, 'top 200'),
(398, 191, 1, NULL, 'wildest dreams/ you are in love', 'i know places', 1, 1, 9, 'я фанатка тейлор', 'what we want (2023 edition)'),
(399, 191, 4, NULL, 'shake it off', 'this love', 1, 1, 9, NULL, 'what we want (2023 edition)'),
(400, 192, 4, NULL, 'Femmebot (feat. Dorian Electra and Mykki Blanco)', 'Track 10 (пиздец каким образом)', 1, 1, 9, NULL, 'top 200'),
(401, 193, 1, NULL, 'feel good inc/ dare', 'last living souls', 0, 0, 4, 'хз', 'top 200'),
(402, 196, 1, NULL, '-', '-', 0, 0, 1, 'говно', 'top 200'),
(403, 196, 4, NULL, 'oh my darling dont cry', 'нет', 0, 0, 4, NULL, 'top 200'),
(404, 199, 1, NULL, '400 lux', 'team', 1, 1, 8, 'мама', 'top 200'),
(405, 199, 4, NULL, 'Tennis Court', 'A World Alone', 0, 0, 7, NULL, 'top 200'),
(406, 203, 1, NULL, 'Rhinestone Eyes', 'все', 0, 0, 1, 'блять как можно такой хуевый альбом сделать', 'top 200'),
(407, 203, 4, NULL, 'Rhinestone Eyes', 'Glitter Freeze (feat. Mark E Smith)', 0, NULL, 2, NULL, 'top 200'),
(408, 206, 1, NULL, 'diet mountain dew', '-', 1, 1, 9, 'мое детство', 'what we want (2024 edition)'),
(409, 206, 4, NULL, 'Radio', 'Blue Jeans', 1, 1, 10, NULL, 'what we want (2024 edition)'),
(410, 212, 1, NULL, 'flashing lights', 'champion', 0, 1, 7, 'есть лучшеееее', 'top 200'),
(411, 212, 4, NULL, 'champion', 'flashing lights', 1, 1, 9, NULL, 'top 200'),
(412, 213, 4, NULL, 'oblivion / genesis', 'infinite love without fulfilment', 1, 1, 8, NULL, 'what we want (2023 edition)'),
(413, 215, 1, NULL, 'paranoid', 'bad news', 0, 0, 6, 'середнячок', 'top 200'),
(414, 215, 4, NULL, 'Amazing', 'Say You Will', 0, 0, 2, NULL, 'top 200'),
(415, 218, 4, NULL, 'A Pearl', 'Blue Light', 1, 1, 10, NULL, 'top 200'),
(416, 222, 1, NULL, 'kiss it better', 'higher', 0, 0, 5, '🇧🇾', 'top 200'),
(417, 222, 4, NULL, 'Work', 'Pose', 0, 0, 7, NULL, 'top 200'),
(418, 223, 1, NULL, 'do i wanna know', 'хз', 1, 1, 9, 'их лучший альбом', 'top 200'),
(419, 223, 4, NULL, 'R U Mine?', 'Arabella', 1, 1, 9, NULL, 'top 200'),
(420, 228, 1, NULL, '12:51', 'the end has no end', 0, 0, 5, 'пару песен норм', 'top 200'),
(421, 228, 4, NULL, 'нет', 'нет', 0, 0, 5, NULL, 'top 200'),
(422, 231, 4, NULL, 'Under The Influence', 'Kim', 0, 0, 8, NULL, 'top 200'),
(423, 233, 4, NULL, 'Crack Baby', 'A Burning Hill', 1, 1, 9, NULL, 'top 200'),
(424, 238, 4, NULL, 'ULTRAVILONCE', 'old money', 1, 1, 9, NULL, 'what we want (2023 edition)'),
(425, 251, 1, NULL, 'ray of light', 'frozen', 0, 0, 2, 'скучно...', 'top 200'),
(426, 252, 4, NULL, 'Fingerbib', 'Logan Rock Witch', 0, 0, 7, NULL, 'top 200'),
(427, 259, 1, NULL, 'space song/ wildflower/ 10:37', 'PPP', 0, 1, 6, 'спокойный как я люблю', 'top 200'),
(428, 260, 4, NULL, 'нет', 'Sit Down. Stand Up', 0, 0, 2, NULL, 'top 200'),
(429, 262, 1, NULL, 'summerboy/ money honey', 'speechless', 1, 1, 8, 'бля охуенный альбом', 'top 200'),
(430, 262, 4, NULL, 'bad romance chipmunks ver', 'Teeth', 0, 0, 7, NULL, 'top 200'),
(431, 264, 1, NULL, 'she lives in my lap/ pink & blue', 'my favorite things', 0, 0, 6, 'outcast lover', 'top 200'),
(432, 266, 1, NULL, 'slomo', 'go get it', 0, 0, 5, 'сломо лучшая песня', 'top 200'),
(433, 266, 4, NULL, 'No Longer Making Time', 'Falling Ashes', 0, 0, 6, NULL, 'top 200'),
(434, 267, 1, NULL, '3:00', 'Hallelujah', 0, 1, 8, 'оч хорошиц', 'top 200'),
(435, 267, 4, NULL, 'I Know Alone', NULL, NULL, NULL, NULL, NULL, 'top 200'),
(436, 271, 1, NULL, 'the mint', '-', 0, 0, 5, 'хз просто не было отвращения', 'top 200'),
(437, 282, 1, NULL, '-', '-', 0, 0, 1, 'ЧТОЛ ЭТО ТТУ ДЕЛАЕТ', 'top 200'),
(438, 283, 1, NULL, '-', '-', 0, 0, 1, 'это пиздец', 'top 200'),
(439, 284, 1, NULL, '-', '-', 0, 0, 5, 'скучно', 'top 200'),
(440, 285, 4, NULL, 'avi', 'sardaukar levenbrech', 1, 1, 9, NULL, 'what we want (2023 edition)'),
(441, 286, 4, NULL, 'Sagrad Прекррасный', 'hallways', 0, 1, 7, NULL, 'what we want (2023 edition)'),
(442, 287, 1, NULL, 'new years day/ call it what you want/ dress', 'so it goes...', 1, 1, 9, 'я фанатка тейлор', 'what we want (2023 edition)'),
(443, 287, 4, NULL, 'look what you made me do', 'gorgeous', 0, 1, 9, NULL, 'what we want (2023 edition)'),
(444, 288, 1, NULL, 'the archer (тупа я)', 'i forgot that you existed', 0, 1, 8, 'няшный альбом очень', 'what we want (2023 edition)'),
(445, 288, 4, NULL, 'i forgot that you existed', 'london boy', 0, 1, 6, NULL, 'what we want (2023 edition)'),
(446, 289, 4, NULL, '-', 'mean', 0, 1, 7, NULL, 'what we want (2023 edition)'),
(447, 290, 4, NULL, 'amoeba', 'bambi', 0, 1, 8, NULL, 'what we want (2023 edition)'),
(448, 291, 4, NULL, '-', '-', 0, 0, 2, NULL, 'what we want (2023 edition)'),
(449, 292, 2, NULL, 'xtal / i / pulsewidth / actium', 'ptolemy', 0, 0, 6, NULL, 'what we want (2023 edition)'),
(450, 292, 4, NULL, 'xtal / heliosphan', 'actium', 0, 0, 5, NULL, 'what we want (2023 edition)'),
(451, 293, 4, NULL, '-', 'yayo', 1, 1, 9, NULL, 'what we want (2023 edition)'),
(452, 294, 4, NULL, 'high by the beach', 'terrence loves you', 1, 1, 9, NULL, 'what we want (2023 edition)'),
(453, 295, 4, NULL, 'heroin', 'lust for life', 0, 0, 5, NULL, 'what we want (2023 edition)'),
(454, 296, 1, NULL, 'все', '-', 1, 1, 10, '!!!!!!', 'what we want (2023 edition)'),
(455, 296, 4, NULL, 'Fuck it I love you', 'The Next Best American Record', 1, 1, 9, NULL, 'what we want (2023 edition)'),
(456, 297, 1, NULL, 'yosemite', 'for free', 0, 1, 9, 'л.юлбю', 'what we want (2023 edition)'),
(457, 298, 4, NULL, '-', '-', 0, 0, 0, NULL, 'what we want (2023 edition)'),
(458, 299, 4, NULL, 'AM I A GIRL / ARISTOCRAT', 'interlude 1', 1, 1, 10, NULL, 'what we want (2023 edition)'),
(459, 300, 4, NULL, 'khaos x4', 'don\'t go outside', 0, 0, 7, NULL, 'what we want (2023 edition)'),
(460, 301, 4, NULL, 'lessen the damage', 'bloom', 1, 1, 10, NULL, 'what we want (2023 edition)'),
(461, 302, 4, NULL, 'ВСЕ', 'we be gridin\'', 1, 1, 9, NULL, 'what we want (2023 edition)'),
(462, 303, 4, NULL, 'call the dogs out', 'no destination', 0, 0, 6, NULL, 'what we want (2023 edition)'),
(463, 304, 4, NULL, 'lilacs', '-', 1, 1, 8, NULL, 'what we want (2023 edition)'),
(464, 305, 4, NULL, 'KNIGHTS', 'air war david wolf remix', 1, 1, 10, NULL, 'what we want (2023 edition)'),
(465, 306, 4, NULL, 'frail / char', 'femen/ chloroform', 0, 0, 3, NULL, 'what we want (2023 edition)'),
(466, 307, 4, NULL, 'ВСЕ', 'НЕТ', 1, 1, 10, NULL, 'what we want (2023 edition)'),
(467, 308, 4, NULL, 'sk8er boi', '-', 0, 0, 5, NULL, 'what we want (2023 edition)'),
(468, 309, 4, NULL, 'everything back but you', 'i will be', 1, 1, 10, NULL, 'what we want (2023 edition)'),
(469, 310, 4, NULL, 'la la land', 'почти все', 0, 0, 6, NULL, 'what we want (2023 edition)'),
(470, 311, 1, NULL, 'do i wanna know', 'knee socks', 0, 1, 8, 'не люблю обезьян но было приятно', 'what we want (2023 edition)'),
(471, 311, 4, NULL, 'Why’d You Only Call Me When You’re High?', 'i want it all', 1, 1, 9, NULL, 'what we want (2023 edition)'),
(472, 312, 4, NULL, 'duvet', 'anna maria', 1, 1, 10, NULL, 'what we want (2023 edition)'),
(473, 313, 4, NULL, 'when the sun hits', 'sing', 0, 1, 9, NULL, 'what we want (2023 edition)'),
(474, 314, 2, NULL, 'holy fucking shit: 40,000 / earthmover', 'who would leave their son...', 0, 1, 8, NULL, 'what we want (2023 edition)'),
(475, 315, 4, NULL, 'Heaven or Las Vegas', 'fotzepolitic', 0, 1, 9, NULL, 'what we want (2023 edition)'),
(476, 316, 4, NULL, 'summer breeze', 'fay wray come out and play', 0, 0, 3, NULL, 'what we want (2023 edition)'),
(477, 317, 4, NULL, 'maybe someday', 'out of this world', 1, 1, 8, NULL, 'what we want (2023 edition)'),
(478, 318, 4, NULL, 'club america', 'this is a lie', 0, 0, 5, NULL, 'what we want (2023 edition)');
INSERT INTO `ratings` (`id`, `album_id`, `user_id`, `listened_date`, `favorite_song`, `least_favorite_song`, `must_listen`, `would_relisten`, `rating`, `review`, `sheet_name`) VALUES
(479, 319, 4, NULL, 'crybaby', '-', 0, 1, 7, NULL, 'what we want (2023 edition)'),
(480, 320, 4, NULL, 'I Threw Glass at My Friend\'s Eyes and Now I\'m on Probation', 'world salad', 0, 1, 7, NULL, 'what we want (2023 edition)'),
(481, 321, 4, NULL, 'WILD', '-', 0, 0, 8, NULL, 'what we want (2023 edition)'),
(482, 322, 4, NULL, 'forester', '-', 1, 1, 9, NULL, 'what we want (2023 edition)'),
(483, 323, 4, NULL, 'take me down', 'kuss away the pearly drops', 0, 0, 5, NULL, 'what we want (2023 edition)'),
(484, 324, 4, NULL, 'xxx', 'slut pop', 0, 1, 10, NULL, 'what we want (2023 edition)'),
(485, 325, 4, NULL, 'love life', 'cant wait', 0, 0, 7, NULL, 'what we want (2023 edition)'),
(486, 326, 4, NULL, 'mannequin               if u seek amy', 'my baby', 0, 0, 8, NULL, 'what we want (2023 edition)'),
(487, 327, 4, NULL, 'crying', 'the anchor song', 1, 1, 8, NULL, 'what we want (2023 edition)'),
(488, 328, 4, NULL, 'army of me                     hyper ballad', 'enjoy (мне нрав больше кавер на эту песню)', 1, 1, 9, NULL, 'what we want (2023 edition)'),
(489, 329, 4, NULL, 'pluto', 'all is full of love', 0, 0, 7, NULL, 'what we want (2023 edition)'),
(490, 330, 4, NULL, 'cvalda', 'overture', 0, 0, 6, NULL, 'what we want (2023 edition)'),
(491, 331, 4, NULL, '-', '-', 0, 0, 0, NULL, 'what we want (2023 edition)'),
(492, 332, 4, NULL, 'declare independence', 'the dull flame of desire', 0, 0, 6, NULL, 'what we want (2023 edition)'),
(493, 333, 4, NULL, 'thunderbold', NULL, 0, 0, 5, NULL, 'what we want (2023 edition)'),
(494, 334, 4, NULL, 'quicksand', '-', 0, 0, 1, NULL, 'what we want (2023 edition)'),
(495, 335, 4, NULL, '-', '-', 0, 0, 0, NULL, 'what we want (2023 edition)'),
(496, 336, 4, NULL, '-', '-', 0, 0, 0, NULL, 'what we want (2023 edition)'),
(497, 337, 1, NULL, 'grenade/just the way you are/runaway baby/marry you', 'liqour store blues', 0, 1, 8, NULL, 'what we want (2023 edition)'),
(498, 337, 4, NULL, 'runaway baby', 'our first time', 1, 0, 6, NULL, 'what we want (2023 edition)'),
(499, 338, 1, NULL, 'sunday morning/ this love/ must get out', 'harder to breath', 0, 0, 5, NULL, 'what we want (2023 edition)'),
(500, 338, 4, NULL, '-', '-', 0, 0, 4, NULL, 'what we want (2023 edition)'),
(501, 339, 1, NULL, 'umbrella/ don\'t stop the music/ BREAKIN\' DISHES/ shut up and drive/ rehab/ disturbia', 'hate that i love you', 1, 1, 8, NULL, 'what we want (2023 edition)'),
(502, 339, 4, NULL, 'disturbia', 'hate that i love u', 1, 0, 8, NULL, 'what we want (2023 edition)'),
(503, 340, 1, NULL, '3d/ seven', 'too sad to dance', 0, 0, 3, NULL, 'what we want (2023 edition)'),
(504, 340, 4, NULL, 'standing next to you', 'hate you', 0, 0, 6, NULL, 'what we want (2023 edition)'),
(505, 341, 1, NULL, 'i\'m the best/ fly/ moment 4 life/ check it out', '-', 1, 1, 10, NULL, 'what we want (2023 edition)'),
(506, 342, 4, NULL, 'I Do', 'Cat Child', 0, 0, 4, NULL, 'what we want (2023 edition)'),
(507, 343, 1, NULL, NULL, 'are you gone already', NULL, NULL, NULL, NULL, 'what we want (2023 edition)'),
(508, 343, 4, NULL, NULL, 'are you gone already', NULL, NULL, NULL, NULL, 'what we want (2023 edition)'),
(509, 344, 4, NULL, 'Principles Of Lust: Sadeness / Find Love / Sadeness (Reprise)', 'Back To The Rivers Of Belief: Way To Eternity / Hallelujah / The Rivers Of Belief', 0, 0, 6, NULL, 'what we want (2023 edition)'),
(510, 345, 4, NULL, 'I Love You... I\'ll Kill You', 'почти все', 0, 0, 2, NULL, 'what we want (2023 edition)'),
(511, 346, 4, NULL, 'I Don\'t Wanna Be Me', 'Thir13teen', 0, 0, 5, NULL, 'what we want (2023 edition)'),
(512, 347, 4, NULL, 'TV', 'cross country', 0, 1, 8, NULL, 'what we want (2023 edition)'),
(513, 348, 4, NULL, 'sandy/           good', '-', 0, 1, 6, NULL, 'what we want (2023 edition)'),
(514, 349, 4, NULL, 'change                            16 mirrors', 'trick', 1, 1, 9, NULL, 'what we want (2023 edition)'),
(515, 350, 4, NULL, 'harvey', 'promise', 0, 0, 7, NULL, 'what we want (2023 edition)'),
(516, 351, 4, NULL, 'i love my boyfriend', 'it\'s nothing / respect the labourers', 0, 0, 6, NULL, 'what we want (2023 edition)'),
(517, 352, 4, NULL, 'Boy\'s a liar Pt. 2', 'Ophelia', 0, 0, 6, NULL, 'what we want (2023 edition)'),
(518, 353, 4, NULL, 'One Of Your Girls', 'Still Got It / Can\'t Go Back, Baby', 0, 0, 8, NULL, 'what we want (2023 edition)'),
(519, 354, 4, NULL, 'беспризорник', 'после don\'t give up', 0, 0, 6, NULL, 'what we want (2023 edition)'),
(520, 355, 4, NULL, 'выбирать чудо', 'ты обещал', 0, 0, 4, NULL, 'what we want (2023 edition)'),
(521, 356, 4, NULL, 'я сошла с ума', 'я твой враг', 1, 1, 7, NULL, 'what we want (2023 edition)'),
(522, 357, 4, NULL, 'бабки в шапку', 'все с англ текстом', 1, 1, 10, NULL, 'what we want (2023 edition)'),
(523, 358, 1, NULL, 'так гріє', 'дешевые драмы', 0, 0, 6, 'хороший вайб но однотипный', 'what we want (2023 edition)'),
(524, 358, 4, NULL, 'отель кооператор, лишь однажды', 'русский рок', 1, 1, 8, NULL, 'what we want (2023 edition)'),
(525, 359, 1, NULL, 'знаешь, таня', 'взрослые травмы', 0, 0, 5, NULL, 'what we want (2023 edition)'),
(526, 360, 4, NULL, 'ANGEL WITTA KNIFE', 'NORTH KOREAN NARCOS', 0, 0, 3, NULL, 'what we want (2024 edition)'),
(527, 361, 4, NULL, 'Rät', 'Moonsickness', 0, 1, 9, NULL, 'what we want (2024 edition)'),
(528, 362, 1, '2024-03-20', NULL, NULL, NULL, NULL, NULL, NULL, 'what we want (2024 edition)'),
(529, 362, 2, '2024-03-20', NULL, NULL, NULL, NULL, NULL, NULL, 'what we want (2024 edition)'),
(530, 362, 4, '2024-03-20', 'Roi', '808', 1, 1, 10, NULL, 'what we want (2024 edition)'),
(531, 363, 1, '2024-02-24', NULL, NULL, NULL, NULL, NULL, NULL, 'what we want (2024 edition)'),
(532, 363, 2, '2024-02-24', NULL, NULL, NULL, NULL, NULL, NULL, 'what we want (2024 edition)'),
(533, 363, 4, '2024-02-24', 'Pale Flesh', 'Insulin', 0, 0, 8, NULL, 'what we want (2024 edition)'),
(534, 364, 1, '2024-03-22', NULL, NULL, NULL, NULL, NULL, NULL, 'what we want (2024 edition)'),
(535, 364, 2, '2024-03-22', NULL, NULL, NULL, NULL, NULL, NULL, 'what we want (2024 edition)'),
(536, 364, 4, '2024-03-22', 'Iris', 'Mercury', 0, 0, 6, NULL, 'what we want (2024 edition)'),
(537, 365, 1, '2024-03-22', NULL, NULL, NULL, NULL, NULL, NULL, 'what we want (2024 edition)'),
(538, 365, 2, '2024-03-22', NULL, NULL, NULL, NULL, NULL, NULL, 'what we want (2024 edition)'),
(539, 365, 4, '2024-03-22', 'Hit Eject', NULL, 0, 0, 4, NULL, 'what we want (2024 edition)'),
(540, 366, 1, '2024-03-23', NULL, NULL, NULL, NULL, NULL, NULL, 'what we want (2024 edition)'),
(541, 366, 2, '2024-03-23', NULL, NULL, NULL, NULL, NULL, NULL, 'what we want (2024 edition)'),
(542, 366, 4, '2024-03-23', 'Orange County Punk Rock Legend', 'Squished Face Slick Pig Living in a Smokey City', 0, 0, 7, NULL, 'what we want (2024 edition)'),
(543, 367, 4, NULL, 'Fire In Cairo', 'The Weedy Burton', 0, 0, 7, NULL, 'what we want (2024 edition)'),
(544, 368, 4, NULL, 'A Forest', 'A Reflection', 0, 1, 9, NULL, 'what we want (2024 edition)'),
(545, 369, 4, NULL, 'The Funeral Party', 'Music From The Film Soundtrack Carnage Visors', 0, 1, 9, NULL, 'what we want (2024 edition)'),
(546, 370, 4, NULL, '-', 'Pornography', 0, 0, 7, NULL, 'what we want (2024 edition)'),
(547, 371, 4, NULL, 'The Caterpillar', 'The Top', 0, 0, 6, NULL, 'what we want (2024 edition)'),
(548, 372, 4, NULL, 'A Night Like This', 'Close To Me', 0, 0, 5, NULL, 'what we want (2024 edition)'),
(549, 373, 1, '2024-03-23', NULL, NULL, NULL, NULL, NULL, NULL, 'what we want (2024 edition)'),
(550, 373, 2, '2024-03-23', NULL, NULL, NULL, NULL, NULL, NULL, 'what we want (2024 edition)'),
(551, 373, 4, '2024-03-23', 'Just Like Heaven', 'The Kiss', 0, 0, 6, NULL, 'what we want (2024 edition)'),
(552, 378, 4, NULL, 'The Lovecats', 'Speak My Language', 0, 1, 10, NULL, 'what we want (2024 edition)'),
(553, 379, 4, NULL, 'the best day', NULL, 0, 0, 6, NULL, 'what we want (2024 edition)'),
(554, 381, 4, NULL, 'its time to go', 'coney island', 0, 0, 6, NULL, 'what we want (2024 edition)'),
(555, 383, 1, '2024-12-04', NULL, NULL, NULL, NULL, NULL, NULL, 'what we want (2024 edition)'),
(556, 383, 2, '2024-12-04', NULL, NULL, NULL, NULL, NULL, NULL, 'what we want (2024 edition)'),
(557, 383, 4, '2024-12-04', 'crystal ball', 'hedra', 0, 0, 2, NULL, 'what we want (2024 edition)'),
(558, 384, 4, NULL, NULL, 'Darkseid', NULL, NULL, NULL, NULL, 'what we want (2025 edition)'),
(559, 385, 4, NULL, 'As the Night Goes On', 'As the Night Goes On - Extended Dance Mix', 0, 0, 6, NULL, 'what we want (2024 edition)'),
(560, 386, 4, NULL, 'Swamp of Death', 'Yo! Taiji!', 0, 0, 7, NULL, 'what we want (2024 edition)'),
(561, 387, 4, NULL, 'Yo! Taiji!', 'Eternity', 0, 0, 5, NULL, 'what we want (2024 edition)'),
(562, 388, 4, NULL, 'Regret of the Times', 'Free Style', 0, 0, 7, NULL, 'what we want (2024 edition)'),
(563, 389, 1, '2024-03-21', NULL, NULL, NULL, NULL, NULL, NULL, 'what we want (2024 edition)'),
(564, 389, 2, '2024-03-21', NULL, NULL, NULL, NULL, NULL, NULL, 'what we want (2024 edition)'),
(565, 389, 4, '2024-03-21', '-', 'все', 0, 0, 3, NULL, 'what we want (2024 edition)'),
(566, 390, 1, '2024-03-03', NULL, NULL, NULL, NULL, NULL, NULL, 'what we want (2024 edition)'),
(567, 390, 2, '2024-03-03', NULL, NULL, NULL, NULL, NULL, NULL, 'what we want (2024 edition)'),
(568, 390, 4, '2024-03-03', 'Internet War', 'Come Back Home - \'02 Remake', 0, 1, 8, NULL, 'what we want (2024 edition)'),
(569, 394, 4, NULL, 'L\'Amour Looks Something Like You', 'The Man with the Child in His Eyes / Room for the Life', 0, 1, 7, NULL, 'what we want (2024 edition)'),
(570, 395, 1, '2024-02-06', NULL, NULL, NULL, NULL, NULL, NULL, 'what we want (2024 edition)'),
(571, 395, 2, '2024-02-06', NULL, NULL, NULL, NULL, NULL, NULL, 'what we want (2024 edition)'),
(572, 395, 4, '2024-02-06', 'Pull Out The Pin', 'Houdini', 1, 1, 10, NULL, 'what we want (2024 edition)'),
(573, 396, 1, '2024-02-27', NULL, NULL, NULL, NULL, NULL, NULL, 'what we want (2024 edition)'),
(574, 396, 2, '2024-02-27', NULL, NULL, NULL, NULL, NULL, NULL, 'what we want (2024 edition)'),
(575, 396, 4, '2024-02-27', 'нет', 'Reaching Out', 0, 0, 3, NULL, 'what we want (2024 edition)'),
(576, 397, 1, '2024-02-08', NULL, NULL, NULL, NULL, NULL, NULL, 'what we want (2024 edition)'),
(577, 397, 2, '2024-02-08', NULL, NULL, NULL, NULL, NULL, NULL, 'what we want (2024 edition)'),
(578, 397, 4, '2024-02-08', 'Don\'t Push Your Foot on the Heartbrake - 2018 Remaster', NULL, 0, 0, 7, NULL, 'what we want (2024 edition)'),
(579, 398, 4, NULL, 'Birthday', 'Deus', 0, 0, 6, NULL, 'what we want (2024 edition)'),
(580, 399, 4, NULL, 'Nowhere Fast - 2011 Remaster', 'Barbarism Begins at Home - 2011 Remaster', 0, 0, 7, NULL, 'what we want (2024 edition)'),
(581, 400, 4, NULL, '1999', 'Click (feat. Kim Petras and Tommy Cash) / Shake It (feat. Big Freedia, CupcakKe, Brooke Candy and Pabllo Vittar)', 0, 0, 6, NULL, 'what we want (2024 edition)'),
(582, 401, 1, '2024-01-22', NULL, NULL, NULL, NULL, NULL, NULL, 'what we want (2024 edition)'),
(583, 401, 2, '2024-01-22', NULL, NULL, NULL, NULL, NULL, NULL, 'what we want (2024 edition)'),
(584, 401, 4, '2024-01-22', 'アセテート - Instrumental', '超臨界流体', 0, 0, 5, NULL, 'what we want (2024 edition)'),
(585, 402, 1, '2024-01-23', NULL, NULL, NULL, NULL, NULL, NULL, 'what we want (2024 edition)'),
(586, 402, 2, '2024-01-23', NULL, NULL, NULL, NULL, NULL, NULL, 'what we want (2024 edition)'),
(587, 402, 4, '2024-01-23', 'hades in the dead of winter', 'I think about Mary Poppins', 0, 0, 7, NULL, 'what we want (2024 edition)'),
(588, 403, 1, '2024-01-26', NULL, NULL, NULL, NULL, NULL, NULL, 'what we want (2024 edition)'),
(589, 403, 2, '2024-01-26', NULL, NULL, NULL, NULL, NULL, NULL, 'what we want (2024 edition)'),
(590, 403, 4, '2024-01-26', 'Petals', 'все одинаково', 0, 0, 6, NULL, 'what we want (2024 edition)'),
(591, 404, 4, NULL, 'Breakbeats', 'Slowdive', 0, 0, 6, NULL, 'what we want (2024 edition)'),
(592, 405, 1, '2024-01-29', NULL, NULL, NULL, NULL, NULL, NULL, 'what we want (2024 edition)'),
(593, 405, 2, '2024-01-29', NULL, NULL, NULL, NULL, NULL, NULL, 'what we want (2024 edition)'),
(594, 405, 4, '2024-01-29', 'blessed with a curse', 'Memorial', 0, 1, 8, NULL, 'what we want (2024 edition)'),
(595, 406, 1, '2024-01-29', NULL, NULL, NULL, NULL, NULL, NULL, 'what we want (2024 edition)'),
(596, 406, 2, '2024-01-29', NULL, NULL, NULL, NULL, NULL, NULL, 'what we want (2024 edition)'),
(597, 406, 4, '2024-01-29', 'нет', 'Anthem Part Two - Live In Chicago', 0, 0, 3, NULL, 'what we want (2024 edition)'),
(598, 407, 1, '2024-12-04', NULL, NULL, NULL, NULL, NULL, NULL, 'what we want (2024 edition)'),
(599, 407, 2, '2024-12-04', NULL, NULL, NULL, NULL, NULL, NULL, 'what we want (2024 edition)'),
(600, 407, 4, '2024-12-04', 'Sleepwalking', 'Crooked Young', 0, 0, 6, NULL, 'what we want (2024 edition)'),
(601, 408, 1, '2024-01-30', NULL, NULL, NULL, NULL, NULL, NULL, 'what we want (2024 edition)'),
(602, 408, 2, '2024-01-30', NULL, NULL, NULL, NULL, NULL, NULL, 'what we want (2024 edition)'),
(603, 408, 4, '2024-01-30', 'All Mine', 'Half Day Closing', 0, 0, 6, NULL, 'what we want (2024 edition)'),
(604, 409, 1, '2024-02-04', NULL, NULL, NULL, NULL, NULL, NULL, 'what we want (2024 edition)'),
(605, 409, 2, '2024-02-04', NULL, NULL, NULL, NULL, NULL, NULL, 'what we want (2024 edition)'),
(606, 409, 4, '2024-02-04', 'Les', 'You See Me', 0, 0, 8, NULL, 'what we want (2024 edition)'),
(607, 410, 1, '2024-02-06', NULL, NULL, NULL, NULL, NULL, NULL, 'what we want (2024 edition)'),
(608, 410, 2, '2024-02-06', NULL, NULL, NULL, NULL, NULL, NULL, 'what we want (2024 edition)'),
(609, 410, 4, '2024-02-06', '好き好き大好き - 2016 Remaster', '恋のコリーダ - 2016 Remaster', 0, 0, 8, NULL, 'what we want (2024 edition)'),
(610, 411, 1, '2024-03-11', NULL, NULL, NULL, NULL, NULL, NULL, 'what we want (2024 edition)'),
(611, 411, 2, '2024-03-11', 'хз одни иероглифы не шарю сори', 'хз одни иероглифы не шарю сори', 0, 1, 7, NULL, 'what we want (2024 edition)'),
(612, 411, 4, '2024-03-11', '少女の官能基', '感じる計算機、二十一歳', 0, 1, 9, NULL, 'what we want (2024 edition)'),
(613, 412, 1, '2024-03-11', NULL, NULL, NULL, NULL, NULL, NULL, 'what we want (2024 edition)'),
(614, 412, 2, '2024-03-11', 'хз одни иероглифы не шарю сори', 'хз одни иероглифы не шарю сори', 0, 1, 7, NULL, 'what we want (2024 edition)'),
(615, 412, 4, '2024-03-11', 'ダブル・プラトニツク・スウイサイド', 'SAIMIN ICE GRAY', 0, 1, 9, NULL, 'what we want (2024 edition)'),
(616, 413, 1, '2024-02-13', NULL, NULL, NULL, NULL, NULL, NULL, 'what we want (2024 edition)'),
(617, 413, 2, '2024-02-13', NULL, NULL, NULL, NULL, NULL, NULL, 'what we want (2024 edition)'),
(618, 413, 4, '2024-02-13', 'Ginger Claps / Mg1', 'Ionic Funk - 20xx Battle Music', 0, 1, 8, NULL, 'what we want (2024 edition)'),
(619, 414, 4, NULL, 'Luhmehbebe', 'Landi Burst 3', 0, 1, 8, NULL, 'what we want (2024 edition)'),
(620, 415, 1, '2024-02-24', NULL, NULL, NULL, NULL, NULL, NULL, 'what we want (2024 edition)'),
(621, 415, 2, '2024-02-24', NULL, NULL, NULL, NULL, NULL, NULL, 'what we want (2024 edition)'),
(622, 415, 4, '2024-02-24', 'Used to Know Me', 'Every Rule', 0, 0, 4, NULL, 'what we want (2024 edition)'),
(623, 416, 1, '2024-02-24', NULL, NULL, NULL, NULL, NULL, NULL, 'what we want (2024 edition)'),
(624, 416, 2, '2024-02-24', NULL, NULL, NULL, NULL, NULL, NULL, 'what we want (2024 edition)'),
(625, 416, 4, '2024-02-24', 'Dang', 'Crude Drawing Of An Angel', 0, 0, 4, NULL, 'what we want (2024 edition)'),
(626, 417, 1, '2024-02-24', NULL, NULL, NULL, NULL, NULL, NULL, 'what we want (2024 edition)'),
(627, 417, 2, '2024-02-24', NULL, NULL, NULL, NULL, NULL, NULL, 'what we want (2024 edition)'),
(628, 417, 4, '2024-02-24', 'pink diamond', 'forever', 0, 1, 8, NULL, 'what we want (2024 edition)'),
(629, 418, 1, '2024-02-25', NULL, NULL, NULL, NULL, NULL, NULL, 'what we want (2024 edition)'),
(630, 418, 2, '2024-02-25', NULL, NULL, NULL, NULL, NULL, NULL, 'what we want (2024 edition)'),
(631, 418, 4, '2024-02-25', 'Riquiquí', 'No Queda Nada', 1, 0, 8, NULL, 'what we want (2024 edition)'),
(632, 419, 1, '2024-02-27', NULL, NULL, NULL, NULL, NULL, NULL, 'what we want (2024 edition)'),
(633, 419, 2, '2024-02-27', NULL, NULL, NULL, NULL, NULL, NULL, 'what we want (2024 edition)'),
(634, 419, 4, '2024-02-27', 'Rakata', 'Araña', 0, 0, 4, NULL, 'what we want (2024 edition)'),
(635, 420, 1, '2024-02-26', NULL, NULL, NULL, NULL, NULL, NULL, 'what we want (2024 edition)'),
(636, 420, 2, '2024-02-26', NULL, NULL, NULL, NULL, NULL, NULL, 'what we want (2024 edition)'),
(637, 420, 4, '2024-02-26', 'Gag On It', 'Slut Pop Reprise', 0, 1, 9, NULL, 'what we want (2024 edition)'),
(638, 421, 1, '2024-02-26', NULL, NULL, NULL, NULL, NULL, NULL, 'what we want (2024 edition)'),
(639, 421, 2, '2024-02-26', NULL, NULL, NULL, NULL, NULL, NULL, 'what we want (2024 edition)'),
(640, 421, 4, '2024-02-26', 'Coconuts', 'Hit It From The Back', 0, 0, 1, NULL, 'what we want (2024 edition)'),
(641, 422, 1, '2024-03-01', NULL, NULL, NULL, NULL, NULL, NULL, 'what we want (2024 edition)'),
(642, 422, 2, '2024-03-01', NULL, NULL, NULL, NULL, NULL, NULL, 'what we want (2024 edition)'),
(643, 422, 4, '2024-03-01', 'Head Carrier', 'Head Carrier', 0, 0, 6, NULL, 'what we want (2024 edition)'),
(644, 423, 1, '2024-03-02', NULL, NULL, NULL, NULL, NULL, NULL, 'what we want (2024 edition)'),
(645, 423, 2, '2024-03-02', NULL, NULL, NULL, NULL, NULL, NULL, 'what we want (2024 edition)'),
(646, 423, 4, '2024-03-02', 'Jennifer\'s Body', '-', 0, 0, 8, NULL, 'what we want (2024 edition)'),
(647, 424, 1, '2024-03-21', NULL, NULL, NULL, NULL, NULL, NULL, 'what we want (2024 edition)'),
(648, 424, 2, '2024-03-21', NULL, NULL, NULL, NULL, NULL, NULL, 'what we want (2024 edition)'),
(649, 424, 4, '2024-03-21', 'все как одна', 'все как одна', 0, 0, 6, NULL, 'what we want (2024 edition)'),
(650, 425, 1, '2024-03-23', NULL, NULL, NULL, NULL, NULL, NULL, 'what we want (2024 edition)'),
(651, 425, 2, '2024-03-23', NULL, NULL, NULL, NULL, NULL, NULL, 'what we want (2024 edition)'),
(652, 425, 4, '2024-03-23', 'reflections of falling leaves', '-', 0, 0, 8, NULL, 'what we want (2024 edition)'),
(653, 426, 1, '2024-03-22', NULL, NULL, NULL, NULL, NULL, NULL, 'what we want (2024 edition)'),
(654, 426, 2, '2024-03-22', NULL, NULL, NULL, NULL, NULL, NULL, 'what we want (2024 edition)'),
(655, 426, 4, '2024-03-22', 'Riot Grrrl', 'All My Girls', 0, 1, 8, NULL, 'what we want (2024 edition)'),
(656, 427, 1, '2024-02-28', NULL, NULL, NULL, NULL, NULL, NULL, 'what we want (2024 edition)'),
(657, 427, 2, '2024-02-28', NULL, NULL, NULL, NULL, NULL, NULL, 'what we want (2024 edition)'),
(658, 427, 4, '2024-02-28', 'FLEETING FROZEN HEART!!!!!!!!!!!!!', 'хз', 0, 0, 6, NULL, 'what we want (2024 edition)'),
(659, 428, 1, '2024-03-22', NULL, NULL, NULL, NULL, NULL, NULL, 'what we want (2024 edition)'),
(660, 428, 2, '2024-03-22', NULL, NULL, NULL, NULL, NULL, NULL, 'what we want (2024 edition)'),
(661, 428, 4, '2024-03-22', 'Key-Word - Starlit Mix', 'Petal', 0, 1, 8, NULL, 'what we want (2024 edition)'),
(662, 429, 1, '2024-03-08', NULL, NULL, NULL, NULL, NULL, NULL, 'what we want (2024 edition)'),
(663, 429, 2, '2024-03-08', NULL, NULL, NULL, NULL, NULL, NULL, 'what we want (2024 edition)'),
(664, 429, 4, '2024-03-08', 'bye', 'we can\'t be friends (wait for your love)', 0, 0, 9, NULL, 'what we want (2024 edition)'),
(665, 430, 1, '2024-03-22', NULL, NULL, NULL, NULL, NULL, NULL, 'what we want (2024 edition)'),
(666, 430, 2, '2024-03-22', NULL, NULL, NULL, NULL, NULL, NULL, 'what we want (2024 edition)'),
(667, 430, 4, '2024-03-22', 'Last Train At 25 O\'clock', 'HIROGARU-NAMIDA', 0, 0, 8, NULL, 'what we want (2024 edition)'),
(668, 431, 1, '2024-03-22', NULL, NULL, NULL, NULL, NULL, NULL, 'what we want (2024 edition)'),
(669, 431, 2, '2024-03-22', NULL, NULL, NULL, NULL, NULL, NULL, 'what we want (2024 edition)'),
(670, 431, 4, '2024-03-22', 'Talk / the perfect pair', 'tinkerbell is overrated feat. PinkPantheress', 0, 0, 7, NULL, 'what we want (2024 edition)'),
(671, 432, 1, '2024-03-12', NULL, NULL, NULL, NULL, NULL, NULL, 'what we want (2024 edition)'),
(672, 432, 2, '2024-03-12', NULL, NULL, NULL, NULL, NULL, NULL, 'what we want (2024 edition)'),
(673, 432, 4, '2024-03-12', 'Too Close', 'Wrath', 0, 1, 7, NULL, 'what we want (2024 edition)'),
(674, 433, 1, '2024-03-15', NULL, NULL, NULL, NULL, NULL, NULL, 'what we want (2024 edition)'),
(675, 433, 2, '2024-03-15', NULL, NULL, NULL, NULL, NULL, NULL, 'what we want (2024 edition)'),
(676, 433, 4, '2024-03-15', 'Enemy', 'Things Happen', 0, 0, 7, NULL, 'what we want (2024 edition)'),
(677, 434, 1, '2024-03-19', NULL, NULL, NULL, NULL, NULL, NULL, 'what we want (2024 edition)'),
(678, 434, 2, '2024-03-19', NULL, NULL, NULL, NULL, NULL, NULL, 'what we want (2024 edition)'),
(679, 434, 4, '2024-03-19', 'Tommib', 'My Fucking Sound', 0, 0, 4, NULL, 'what we want (2024 edition)'),
(680, 435, 1, '2024-03-20', NULL, NULL, NULL, NULL, NULL, NULL, 'what we want (2024 edition)'),
(681, 435, 2, '2024-03-20', NULL, NULL, NULL, NULL, NULL, NULL, 'what we want (2024 edition)'),
(682, 435, 4, '2024-03-20', 'TALKING', 'PAPERWORK', 0, 0, 7, NULL, 'what we want (2024 edition)'),
(683, 436, 1, '2024-02-06', NULL, NULL, NULL, NULL, NULL, NULL, 'what we want (2024 edition)'),
(684, 436, 2, '2024-02-06', NULL, NULL, NULL, NULL, NULL, NULL, 'what we want (2024 edition)'),
(685, 436, 4, '2024-02-06', 'Смерть', 'остальные', 0, 0, 2, NULL, 'what we want (2024 edition)'),
(686, 437, 1, '2024-02-18', NULL, NULL, NULL, NULL, NULL, NULL, 'what we want (2024 edition)'),
(687, 437, 2, '2024-02-18', NULL, NULL, NULL, NULL, NULL, NULL, 'what we want (2024 edition)'),
(688, 437, 4, '2024-02-18', 'Не было', 'Доктор', 1, 1, 10, NULL, 'what we want (2024 edition)'),
(689, 442, 1, '2024-03-06', NULL, NULL, NULL, NULL, NULL, NULL, 'what we want (2024 edition)'),
(690, 442, 2, '2024-03-06', NULL, NULL, NULL, NULL, NULL, NULL, 'what we want (2024 edition)'),
(691, 442, 4, '2024-03-06', 'Лёха / Были танцы', 'Лёха - Club Version', 0, 0, 6, NULL, 'what we want (2024 edition)'),
(692, 443, 1, '2024-04-02', NULL, NULL, NULL, NULL, NULL, NULL, 'what we want (2024 edition)'),
(693, 443, 2, '2024-04-02', NULL, NULL, NULL, NULL, NULL, NULL, 'what we want (2024 edition)'),
(694, 443, 4, '2024-04-02', 'Ненавижу', 'Школьное окно', 1, 1, 9, NULL, 'what we want (2024 edition)'),
(695, 444, 1, '2024-03-23', NULL, NULL, NULL, NULL, NULL, NULL, 'what we want (2024 edition)'),
(696, 444, 2, '2024-03-23', NULL, NULL, NULL, NULL, NULL, NULL, 'what we want (2024 edition)'),
(697, 444, 4, '2024-03-23', 'Патимэйкер', 'Так и живу', 0, 0, 3, NULL, 'what we want (2024 edition)'),
(698, 445, 1, '2024-03-24', NULL, NULL, NULL, NULL, NULL, NULL, 'what we want (2024 edition)'),
(699, 445, 2, '2024-03-24', NULL, NULL, NULL, NULL, NULL, NULL, 'what we want (2024 edition)'),
(700, 445, 4, '2024-03-24', 'Queen of Hearts', 'Magic Ring Night', 0, 0, 5, NULL, 'what we want (2024 edition)'),
(701, 446, 1, '2024-03-24', NULL, NULL, NULL, NULL, NULL, NULL, 'what we want (2024 edition)'),
(702, 446, 2, '2024-03-24', NULL, NULL, NULL, NULL, NULL, NULL, 'what we want (2024 edition)'),
(703, 446, 4, '2024-03-24', 'Bass', '-', 0, 0, 7, NULL, 'what we want (2024 edition)'),
(704, 447, 1, '2024-03-24', NULL, NULL, NULL, NULL, NULL, NULL, 'what we want (2024 edition)'),
(705, 447, 2, '2024-03-24', NULL, NULL, NULL, NULL, NULL, NULL, 'what we want (2024 edition)'),
(706, 447, 4, '2024-03-24', 'Fashion Killa', 'Wild for the Night (feat. Skrillex & Birdy Nam Nam)', 0, 0, 4, NULL, 'what we want (2024 edition)'),
(707, 448, 1, '2024-03-27', NULL, NULL, NULL, NULL, NULL, NULL, 'what we want (2024 edition)'),
(708, 448, 2, '2024-03-27', NULL, NULL, NULL, NULL, NULL, NULL, 'what we want (2024 edition)'),
(709, 448, 4, '2024-03-27', 'Pascal Beats', 'Billow of Fireworks', 0, 1, 9, NULL, 'what we want (2024 edition)'),
(710, 450, 1, '2024-12-04', NULL, NULL, NULL, NULL, NULL, NULL, 'what we want (2024 edition)'),
(711, 450, 2, '2024-12-04', NULL, NULL, NULL, NULL, NULL, NULL, 'what we want (2024 edition)'),
(712, 450, 4, '2024-12-04', 'カガミ', 'PARADOX', 0, 1, 7, NULL, 'what we want (2024 edition)'),
(713, 451, 1, '2024-03-27', NULL, NULL, NULL, NULL, NULL, NULL, 'what we want (2024 edition)'),
(714, 451, 2, '2024-03-27', NULL, NULL, NULL, NULL, NULL, NULL, 'what we want (2024 edition)'),
(715, 451, 4, '2024-03-27', 'A World That\'s Ending', 'нет', 0, 1, 10, NULL, 'what we want (2024 edition)'),
(716, 452, 1, '2024-03-27', NULL, NULL, NULL, NULL, NULL, NULL, 'what we want (2024 edition)'),
(717, 452, 2, '2024-03-27', NULL, NULL, NULL, NULL, NULL, NULL, 'what we want (2024 edition)'),
(718, 452, 4, '2024-03-27', 'kuribu', 'нет', 0, 1, 9, NULL, 'what we want (2024 edition)'),
(719, 454, 1, '2024-06-03', NULL, NULL, NULL, NULL, NULL, NULL, 'what we want (2024 edition)'),
(720, 454, 2, '2024-06-03', NULL, NULL, NULL, NULL, NULL, NULL, 'what we want (2024 edition)'),
(721, 454, 4, '2024-06-03', 'Navy Light', '4am remix', 0, 1, 8, NULL, 'what we want (2024 edition)'),
(722, 455, 1, '2024-12-04', NULL, NULL, NULL, NULL, NULL, NULL, 'what we want (2024 edition)'),
(723, 455, 2, '2024-12-04', NULL, NULL, NULL, NULL, NULL, NULL, 'what we want (2024 edition)'),
(724, 455, 4, '2024-12-04', 'go to school punk dog', 'milk-bone', 0, 0, 5, NULL, 'what we want (2024 edition)'),
(725, 458, 1, '2024-03-30', NULL, NULL, NULL, NULL, NULL, NULL, 'what we want (2024 edition)'),
(726, 458, 2, '2024-03-30', NULL, NULL, NULL, NULL, NULL, NULL, 'what we want (2024 edition)'),
(727, 458, 4, '2024-03-30', '2 die 4 (feat. Charli XCX)', 'I got it bad', 0, 0, 6, NULL, 'what we want (2024 edition)'),
(728, 459, 1, '2024-03-30', NULL, NULL, NULL, NULL, NULL, NULL, 'what we want (2024 edition)'),
(729, 459, 2, '2024-03-30', NULL, NULL, NULL, NULL, NULL, NULL, 'what we want (2024 edition)'),
(730, 459, 4, '2024-03-30', 'Sixteen', 'Cocaine Superstar', 1, 1, 10, NULL, 'what we want (2024 edition)'),
(731, 460, 1, '2024-04-01', NULL, NULL, NULL, NULL, NULL, NULL, 'what we want (2024 edition)'),
(732, 460, 2, '2024-04-01', NULL, NULL, NULL, NULL, NULL, NULL, 'what we want (2024 edition)'),
(733, 460, 4, '2024-04-01', 'время', 'заброшка', 1, 1, 10, NULL, 'what we want (2024 edition)'),
(734, 461, 1, '2024-04-08', NULL, NULL, NULL, NULL, NULL, NULL, 'what we want (2024 edition)'),
(735, 461, 2, '2024-04-08', NULL, NULL, NULL, NULL, NULL, NULL, 'what we want (2024 edition)'),
(736, 461, 4, '2024-04-08', 'heartless', 'feral', 0, 0, 7, NULL, 'what we want (2024 edition)'),
(737, 462, 1, '2024-04-15', NULL, NULL, NULL, NULL, NULL, NULL, 'what we want (2024 edition)'),
(738, 462, 2, '2024-04-15', NULL, NULL, NULL, NULL, NULL, NULL, 'what we want (2024 edition)'),
(739, 462, 4, '2024-04-15', 'Sky Kisses (на танцполе)', 'Bounce 2', 0, 0, 5, NULL, 'what we want (2024 edition)'),
(740, 463, 1, '2024-04-02', NULL, NULL, NULL, NULL, NULL, NULL, 'what we want (2024 edition)'),
(741, 463, 2, '2024-04-02', NULL, NULL, NULL, NULL, NULL, NULL, 'what we want (2024 edition)'),
(742, 463, 4, '2024-04-02', 'Алые губки', 'Лес', 0, 1, 8, NULL, 'what we want (2024 edition)'),
(743, 464, 4, NULL, 'Cherry Blood', 'Oxytocin', 0, 0, 4, NULL, 'what we want (2024 edition)'),
(744, 465, 1, '2024-06-03', NULL, NULL, NULL, NULL, NULL, NULL, 'what we want (2024 edition)'),
(745, 465, 2, '2024-06-03', NULL, NULL, NULL, NULL, NULL, NULL, 'what we want (2024 edition)'),
(746, 465, 4, '2024-06-03', 'Boyhood', NULL, 0, 0, 6, NULL, 'what we want (2024 edition)'),
(747, 466, 1, '2024-04-21', NULL, NULL, NULL, NULL, NULL, NULL, 'what we want (2024 edition)'),
(748, 466, 2, '2024-04-21', NULL, NULL, NULL, NULL, NULL, NULL, 'what we want (2024 edition)'),
(749, 466, 4, '2024-04-21', '-', 'Florida!!! (feat. Florence + The Machine) Who’s Afraid of Little Old Me?', 0, 0, 6, NULL, 'what we want (2024 edition)'),
(750, 467, 1, '2024-04-22', NULL, NULL, NULL, NULL, NULL, NULL, 'what we want (2024 edition)'),
(751, 467, 2, '2024-04-22', NULL, NULL, NULL, NULL, NULL, NULL, 'what we want (2024 edition)'),
(752, 467, 4, '2024-04-22', 'Fuck Me Out', 'Why A Bitch Gotta Lie', 0, 0, 7, NULL, 'what we want (2024 edition)'),
(753, 469, 4, NULL, 'Teen Age Riot (Album Version)', 'Z) Eliminator, Jr.', 0, 0, 4, NULL, 'what we want (2024 edition)'),
(754, 471, 1, '2024-06-30', NULL, NULL, NULL, NULL, NULL, NULL, 'what we want (2024 edition)'),
(755, 471, 2, '2024-06-30', NULL, NULL, NULL, NULL, NULL, NULL, 'what we want (2024 edition)'),
(756, 471, 4, '2024-06-30', '-', '-', 0, 0, 7, NULL, 'what we want (2024 edition)'),
(757, 472, 1, '2024-07-21', NULL, NULL, NULL, NULL, NULL, NULL, 'what we want (2024 edition)'),
(758, 472, 2, '2024-07-21', NULL, NULL, NULL, NULL, NULL, NULL, 'what we want (2024 edition)'),
(759, 472, 4, '2024-07-21', 'Scout Finch Bitch; Kitty, Antwon', NULL, 0, 0, 6, NULL, 'what we want (2024 edition)'),
(760, 474, 1, '2024-07-21', NULL, NULL, NULL, NULL, NULL, NULL, 'what we want (2024 edition)'),
(761, 474, 2, '2024-07-21', NULL, NULL, NULL, NULL, NULL, NULL, 'what we want (2024 edition)'),
(762, 474, 4, '2024-07-21', '-', 'everythingoes (with Nell)', 0, 0, 6, NULL, 'what we want (2024 edition)'),
(763, 475, 4, NULL, '-', '-', 1, 1, 10, NULL, 'what we want (2024 edition)'),
(764, 485, 1, '2024-09-09', NULL, NULL, NULL, NULL, NULL, NULL, 'what we want (2024 edition)'),
(765, 485, 2, '2024-09-09', NULL, NULL, NULL, NULL, NULL, NULL, 'what we want (2024 edition)'),
(766, 485, 4, '2024-09-09', 'Starting Over', '-', 0, 0, 6, NULL, 'what we want (2024 edition)'),
(767, 486, 4, NULL, 'Tomorrow / Sticky', NULL, 0, 0, 6, NULL, 'what we want (2024 edition)'),
(768, 487, 1, '2024-11-19', NULL, NULL, NULL, NULL, NULL, NULL, 'what we want (2024 edition)'),
(769, 487, 2, '2024-11-19', NULL, NULL, NULL, NULL, NULL, NULL, 'what we want (2024 edition)'),
(770, 487, 4, '2024-11-19', 'Skinty Fia', '-', 0, 0, 7, NULL, 'what we want (2024 edition)'),
(771, 489, 1, '2024-12-25', NULL, NULL, NULL, NULL, NULL, NULL, 'what we want (2024 edition)'),
(772, 489, 2, '2024-12-25', NULL, NULL, NULL, NULL, NULL, NULL, 'what we want (2024 edition)'),
(773, 489, 4, '2024-12-25', '-', 'Warsong', 0, 0, 4, NULL, 'what we want (2024 edition)'),
(774, 490, 1, '2024-12-11', NULL, NULL, NULL, NULL, NULL, NULL, 'what we want (2024 edition)'),
(775, 490, 2, '2024-12-11', NULL, NULL, NULL, NULL, NULL, NULL, 'what we want (2024 edition)'),
(776, 490, 4, '2024-12-11', 'yesterday', 'the cost of giving up', 0, 0, 4, NULL, 'what we want (2024 edition)'),
(777, 491, 1, '2024-12-08', NULL, NULL, NULL, NULL, NULL, NULL, 'what we want (2024 edition)'),
(778, 491, 2, '2024-12-08', NULL, NULL, NULL, NULL, NULL, NULL, 'what we want (2024 edition)'),
(779, 491, 4, '2024-12-08', 'APT / gameboy', 'number 1 girl', 0, 0, 6, NULL, 'what we want (2024 edition)'),
(780, 492, 1, '2024-12-14', NULL, NULL, NULL, NULL, NULL, NULL, 'what we want (2024 edition)'),
(781, 492, 2, '2024-12-14', NULL, NULL, NULL, NULL, NULL, NULL, 'what we want (2024 edition)'),
(782, 492, 4, '2024-12-14', 'Noticed I Cried', 'All My Friends Know', 1, 1, 10, NULL, 'what we want (2024 edition)'),
(783, 493, 1, '2024-12-14', NULL, NULL, NULL, NULL, NULL, NULL, 'what we want (2024 edition)'),
(784, 493, 2, '2024-12-14', NULL, NULL, NULL, NULL, NULL, NULL, 'what we want (2024 edition)'),
(785, 493, 4, '2024-12-14', 'the now now and never', '3, 2, 1..', 0, 0, 6, NULL, 'what we want (2024 edition)'),
(786, 494, 1, '2024-12-14', NULL, NULL, NULL, NULL, NULL, NULL, 'what we want (2024 edition)'),
(787, 494, 2, '2024-12-14', NULL, NULL, NULL, NULL, NULL, NULL, 'what we want (2024 edition)'),
(788, 494, 4, '2024-12-14', 'Puzzled Into Pieces', 'Your Imagination', 0, 0, 5, NULL, 'what we want (2024 edition)'),
(789, 438, 1, '2025-02-17', NULL, NULL, NULL, NULL, NULL, NULL, 'what we want (2025 edition)'),
(790, 438, 2, '2025-02-17', NULL, NULL, NULL, NULL, NULL, NULL, 'what we want (2025 edition)'),
(791, 438, 4, '2025-02-17', 'Легче', 'Качели', 0, 0, 6, NULL, 'what we want (2025 edition)'),
(792, 439, 1, '2025-02-17', NULL, NULL, NULL, NULL, NULL, NULL, 'what we want (2025 edition)'),
(793, 439, 2, '2025-02-17', NULL, NULL, NULL, NULL, NULL, NULL, 'what we want (2025 edition)'),
(794, 439, 4, '2025-02-17', 'Ты что такое?', 'Паратов', 0, 0, 6, NULL, 'what we want (2025 edition)'),
(795, 496, 1, '2025-02-07', NULL, NULL, NULL, NULL, NULL, NULL, 'what we want (2025 edition)'),
(796, 496, 2, '2025-02-07', NULL, NULL, NULL, NULL, NULL, NULL, 'what we want (2025 edition)'),
(797, 496, 4, '2025-02-07', 'take me by my hand', 'первые 2', 1, 1, 9, NULL, 'what we want (2025 edition)'),
(798, 498, 1, '2025-02-17', NULL, NULL, NULL, NULL, NULL, NULL, 'what we want (2025 edition)'),
(799, 498, 2, '2025-02-17', NULL, NULL, NULL, NULL, NULL, NULL, 'what we want (2025 edition)'),
(800, 498, 4, '2025-02-17', 'alien superstar', 'virgo\'s groove', 0, 1, 8, NULL, 'what we want (2025 edition)'),
(801, 500, 1, '2025-02-20', NULL, NULL, NULL, NULL, NULL, NULL, 'what we want (2025 edition)'),
(802, 500, 2, '2025-02-20', NULL, NULL, NULL, NULL, NULL, NULL, 'what we want (2025 edition)'),
(803, 500, 4, '2025-02-20', 'fire alarm', 'holywood takeover..', 0, 0, 6, NULL, 'what we want (2025 edition)'),
(804, 503, 1, '2025-02-27', NULL, NULL, NULL, NULL, NULL, NULL, 'what we want (2025 edition)'),
(805, 503, 2, '2025-02-27', NULL, NULL, NULL, NULL, NULL, NULL, 'what we want (2025 edition)'),
(806, 503, 4, '2025-02-27', 'Он - Чужой, Он - Плохой', 'Не Нифер', 0, 1, 8, NULL, 'what we want (2025 edition)'),
(807, 505, 1, '2025-03-25', NULL, NULL, NULL, NULL, NULL, NULL, 'what we want (2025 edition)'),
(808, 505, 2, '2025-03-25', NULL, NULL, NULL, NULL, NULL, NULL, 'what we want (2025 edition)'),
(809, 505, 4, '2025-03-25', 'brick by boring brick', '-', 0, 0, 8, NULL, 'what we want (2025 edition)'),
(810, 128, 1, '2025-03-15', 'beth/rest', 'hz', 0, 0, 2, 'скучновато, ни одна песня не запомнилась кроме последней возможно', 'top 200'),
(811, 128, 2, '2025-03-15', NULL, NULL, NULL, NULL, NULL, NULL, 'top 200'),
(812, 128, 4, '2025-03-15', '-', '-', 0, 0, 5, NULL, 'top 200'),
(813, 129, 1, '2025-03-15', '-', '-', 0, 0, 3, 'чуть приятнее но хуйня', 'top 200'),
(814, 129, 2, '2025-03-15', NULL, NULL, NULL, NULL, NULL, NULL, 'top 200'),
(815, 129, 4, '2025-03-15', '-', '-', 0, 0, 1, NULL, 'top 200'),
(816, 130, 1, '2025-03-15', '-', '-', 0, 0, 2, 'эх', 'top 200'),
(817, 130, 2, '2025-03-15', NULL, NULL, NULL, NULL, NULL, NULL, 'top 200'),
(818, 130, 4, '2025-03-15', '-', '-', 0, 0, 1, NULL, 'top 200'),
(819, 65, 2, NULL, 'introduction', 'night train', 0, 0, 7, NULL, 'топ 100 альбомов за все время'),
(820, 69, 2, NULL, 'you learn', 'forgiven', 0, 0, 6, NULL, 'топ 100 альбомов за все время'),
(821, 72, 2, NULL, 'a man needs a maid', 'there\'s a world', 0, 1, 8, NULL, 'топ 100 альбомов за все время'),
(822, 75, 2, NULL, 'aint no waaay / people get ready', 'money wont change you', 0, 0, 7, NULL, 'топ 100 альбомов за все время'),
(823, 78, 2, NULL, 'i don\'t care is the sun don\'t shine', '-', 0, 0, 6, NULL, 'топ 100 альбомов за все время'),
(824, 80, 2, NULL, 'god save the queen', 'submission', 0, 0, 1, NULL, 'топ 100 альбомов за все время'),
(825, 81, 2, NULL, 'XO', 'heaven / blue', 0, 0, 7, NULL, 'топ 100 альбомов за все время'),
(826, 82, 2, NULL, '-', '-', 0, 0, 1, NULL, 'топ 100 альбомов за все время'),
(827, 83, 2, NULL, 'i dont want to hear it anymore', 'the windmills of your mind', 0, 0, 5, NULL, 'топ 100 альбомов за все время'),
(828, 84, 2, NULL, 'hells bells', 'let me put my love into you', 1, 1, 9, NULL, 'топ 100 альбомов за все время'),
(829, 90, 2, NULL, 'only love can break your heart', 'нет', 1, 1, 8, NULL, 'топ 100 альбомов за все время'),
(830, 91, 2, NULL, 'the promised land', 'хз', 0, 1, 7, NULL, 'топ 100 альбомов за все время'),
(831, 507, 1, NULL, 'the rain', 'why you hurt me', 0, 0, 7, 'наконец-то хип-хоп альбом, который приятно слушать и можно найти хорошие песни', 'топ 100 альбомов за все время'),
(832, 507, 2, NULL, 'dont be comin / beep me 911', 'sock it to me', 0, 0, 7, NULL, 'топ 100 альбомов за все время'),
(833, 507, 4, NULL, 'friendly skies', 'все песни как одна', 0, 0, 4, NULL, 'топ 100 альбомов за все время'),
(834, 94, 2, NULL, 'down on the street', 'dirt', 0, 0, 5, NULL, 'топ 100 альбомов за все время'),
(835, 95, 2, NULL, 'over my dead body', 'crew love', 0, 1, 8, NULL, 'топ 100 альбомов за все время'),
(836, 97, 2, NULL, 'sanitarium', '-', 0, 0, 5, NULL, 'топ 100 альбомов за все время'),
(837, 100, 2, NULL, 'i shall be released', 'this wheels on fire', 0, 0, 6, NULL, 'топ 100 альбомов за все время'),
(838, 132, 1, '2025-03-16', '-', '-', 0, 0, 1, 'ужас', 'top 200'),
(839, 132, 2, '2025-03-16', NULL, NULL, NULL, NULL, NULL, NULL, 'top 200'),
(840, 132, 4, '2025-03-16', '-', '-', 0, 0, 1, NULL, 'top 200'),
(841, 150, 1, '2025-03-18', 'slow burn', 'mother', 0, 1, 7, 'приятный кантри ферма ковбои', 'top 200'),
(842, 150, 2, '2025-03-18', NULL, NULL, NULL, NULL, NULL, NULL, 'top 200'),
(843, 150, 4, '2025-03-18', '-', '-', 0, 0, 7, NULL, 'top 200'),
(844, 152, 1, '2025-03-18', '-', '-', 0, 0, 4, 'однотипно', 'top 200'),
(845, 152, 2, '2025-03-18', NULL, NULL, NULL, NULL, NULL, NULL, 'top 200'),
(846, 152, 4, '2025-03-18', 'organ donor', 'napalm brain', 0, 1, 7, NULL, 'top 200'),
(847, 160, 1, '2025-03-18', NULL, NULL, NULL, NULL, NULL, NULL, 'top 200'),
(848, 160, 2, '2025-03-18', NULL, NULL, NULL, NULL, NULL, NULL, 'top 200'),
(849, 160, 4, '2025-03-18', NULL, NULL, NULL, NULL, NULL, NULL, 'top 200'),
(850, 510, 1, '2025-04-07', NULL, NULL, NULL, NULL, NULL, NULL, 'what we want (2025 edition)'),
(851, 510, 2, '2025-04-07', NULL, NULL, NULL, NULL, NULL, NULL, 'what we want (2025 edition)'),
(852, 510, 4, '2025-04-07', 'safe', '-', 0, 0, 8, '', 'what we want (2025 edition)'),
(853, 511, 1, '2025-05-25', NULL, NULL, NULL, NULL, NULL, NULL, 'what we want (2025 edition)'),
(854, 511, 2, '2025-05-25', NULL, NULL, NULL, NULL, NULL, NULL, 'what we want (2025 edition)'),
(855, 511, 4, '2025-05-25', '社會天使輪(Angel Round Hustle)', '-', 1, 1, 7, '', 'what we want (2025 edition)');

-- --------------------------------------------------------

--
-- Table structure for table `users`
--

CREATE TABLE `users` (
  `id` int(11) NOT NULL,
  `username` varchar(255) COLLATE utf8mb4_unicode_ci NOT NULL,
  `display_name` varchar(255) COLLATE utf8mb4_unicode_ci DEFAULT NULL,
  `password` varchar(255) COLLATE utf8mb4_unicode_ci NOT NULL,
  `role` varchar(50) COLLATE utf8mb4_unicode_ci DEFAULT 'user'
) ENGINE=InnoDB DEFAULT CHARSET=utf8mb4 COLLATE=utf8mb4_unicode_ci;

--
-- Dumping data for table `users`
--

INSERT INTO `users` (`id`, `username`, `display_name`, `password`, `role`) VALUES
(1, 'Мартуся', 'Мартуся', '$2y$10$napaobYG13hCNYWfdZYEvOBvQfHrw7EI.DfMyoSbl1qHTnBjUBiZC', 'user'),
(2, 'Сережка', 'Сережка', '$2y$10$prgbYZfCLoQHK58TDYCZ5.V46dClc5pvTSlT7pMpsz87gS7s3bJTq', 'user'),
(3, 'Инжу', 'Инжу', '$2y$10$yEGGnuWXlfwyZCGMnLWOROXJ1G6RCS0P0z5fYDaIK7RADZWwQ9SpW', 'user'),
(4, 'wauxi', 'wauxi', '$2y$10$Fb.0weTYqI/TxejDqeI/7OZIyeVoUIogO4sRs2pbYk.Z/W/oGO1y6', 'admin');

-- --------------------------------------------------------

--
-- Structure for view `album_ratings_view`
--
DROP TABLE IF EXISTS `album_ratings_view`;

CREATE ALGORITHM=UNDEFINED DEFINER=`root`@`%` SQL SECURITY DEFINER VIEW `album_ratings_view`  AS SELECT `a`.`id` AS `album_id`, `a`.`artist` AS `artist`, `a`.`album_name` AS `album_name`, `a`.`genre` AS `genre`, `a`.`spotify_link` AS `spotify_link`, `u`.`id` AS `user_id`, `u`.`username` AS `username`, `r`.`listened_date` AS `listened_date`, `r`.`favorite_song` AS `favorite_song`, `r`.`least_favorite_song` AS `least_favorite_song`, `r`.`must_listen` AS `must_listen`, `r`.`would_relisten` AS `would_relisten`, `r`.`rating` AS `rating`, `r`.`review` AS `review`, `r`.`sheet_name` AS `sheet_name` FROM ((`albums` `a` left join `ratings` `r` on((`a`.`id` = `r`.`album_id`))) left join `users` `u` on((`r`.`user_id` = `u`.`id`))) ORDER BY `a`.`artist` ASC, `a`.`album_name` ASC, `u`.`username` ASC  ;

--
-- Indexes for dumped tables
--

--
-- Indexes for table `albums`
--
ALTER TABLE `albums`
  ADD PRIMARY KEY (`id`),
  ADD UNIQUE KEY `artist` (`artist`,`album_name`);

--
-- Indexes for table `album_covers_cache`
--
ALTER TABLE `album_covers_cache`
  ADD PRIMARY KEY (`id`),
  ADD KEY `fk_album_covers_cache_album` (`album_id`),
  ADD KEY `idx_source` (`source`),
  ADD KEY `idx_updated_at` (`updated_at`);

--
-- Indexes for table `ratings`
--
ALTER TABLE `ratings`
  ADD PRIMARY KEY (`id`),
  ADD UNIQUE KEY `album_id` (`album_id`,`user_id`),
  ADD KEY `user_id` (`user_id`);

--
-- Indexes for table `users`
--
ALTER TABLE `users`
  ADD PRIMARY KEY (`id`),
  ADD UNIQUE KEY `username` (`username`);

--
-- AUTO_INCREMENT for dumped tables
--

--
-- AUTO_INCREMENT for table `albums`
--
ALTER TABLE `albums`
  MODIFY `id` int(11) NOT NULL AUTO_INCREMENT, AUTO_INCREMENT=512;

--
-- AUTO_INCREMENT for table `album_covers_cache`
--
ALTER TABLE `album_covers_cache`
  MODIFY `id` int(11) NOT NULL AUTO_INCREMENT, AUTO_INCREMENT=31;

--
-- AUTO_INCREMENT for table `ratings`
--
ALTER TABLE `ratings`
  MODIFY `id` int(11) NOT NULL AUTO_INCREMENT, AUTO_INCREMENT=856;

--
-- AUTO_INCREMENT for table `users`
--
ALTER TABLE `users`
  MODIFY `id` int(11) NOT NULL AUTO_INCREMENT, AUTO_INCREMENT=5;

--
-- Constraints for dumped tables
--

--
-- Constraints for table `album_covers_cache`
--
ALTER TABLE `album_covers_cache`
  ADD CONSTRAINT `fk_album_covers_cache_album` FOREIGN KEY (`album_id`) REFERENCES `albums` (`id`) ON DELETE CASCADE;

--
-- Constraints for table `ratings`
--
ALTER TABLE `ratings`
  ADD CONSTRAINT `ratings_ibfk_1` FOREIGN KEY (`album_id`) REFERENCES `albums` (`id`),
  ADD CONSTRAINT `ratings_ibfk_2` FOREIGN KEY (`user_id`) REFERENCES `users` (`id`);
COMMIT;

/*!40101 SET CHARACTER_SET_CLIENT=@OLD_CHARACTER_SET_CLIENT */;
/*!40101 SET CHARACTER_SET_RESULTS=@OLD_CHARACTER_SET_RESULTS */;
/*!40101 SET COLLATION_CONNECTION=@OLD_COLLATION_CONNECTION */;
